HITId,HITTypeId,Title,Description,Keywords,Reward,CreationTime,MaxAssignments,RequesterAnnotation,AssignmentDurationInSeconds,AutoApprovalDelayInSeconds,Expiration,NumberOfSimilarHITs,LifetimeInSeconds,AssignmentId,WorkerId,AssignmentStatus,AcceptTime,SubmitTime,AutoApprovalTime,ApprovalTime,RejectionTime,RequesterFeedback,WorkTimeInSeconds,LifetimeApprovalRate,Last30DaysApprovalRate,Last7DaysApprovalRate,Input.content,Input.hour,Input.minute,Input.day,Input.motion,Input.location,Input.last_notification_time,Answer.sentiment,Approve,Reject
30EMX9PEVK2Y4I7M9BF9HMCZ6JJKSC,3VFQQ8MLFEIXZLA06PBE4V6V7CE4BM,Answer a survey about responding to the mobile phone notifications,You will answer a survey about responding to the notifications of your mobile phone in hypothetical situations.,"survey, mobile phone usage",$0.01 ,Fri Mar 02 22:21:16 PST 2018,1,BatchId:3137574;OriginalHitTemplateId:926051491;,60,86400,Fri Mar 09 22:21:16 PST 2018,,,30JNVC0ORA3XCVPV1OS8XDDRFX7HQK,E9115C3215C3AC,Submitted,Fri Mar 02 22:27:50 PST 2018,Fri Mar 02 22:28:05 PST 2018,Sat Mar 03 22:28:05 PST 2018,,,,15,0% (0/0),0% (0/0),0% (0/0),"It is 7 PM on Monday. You are biking at the beach. You responded to (or clicked on) a notification 5 minutes ago. Now you receive a notification from our app. The notification says Can you take 10 seconds to complete this questionnaire?"" What will you do?""",19,0,1,biking,beach,5,Accept,,
30IRMPJWDZ2M3379UMF4RC73KH0KRO,3VFQQ8MLFEIXZLA06PBE4V6V7CE4BM,Answer a survey about responding to the mobile phone notifications,You will answer a survey about responding to the notifications of your mobile phone in hypothetical situations.,"survey, mobile phone usage",$0.01 ,Fri Mar 02 22:21:16 PST 2018,1,BatchId:3137574;OriginalHitTemplateId:926051491;,60,86400,Fri Mar 09 22:21:16 PST 2018,,,3137ONMDKHOUFW4F8RFQIWCCHU6GE8,E9115C3215C3AC,Submitted,Fri Mar 02 22:28:41 PST 2018,Fri Mar 02 22:28:55 PST 2018,Sat Mar 03 22:28:55 PST 2018,,,,14,0% (0/0),0% (0/0),0% (0/0),"It is 10:30 AM on Sunday. You are taking a bus to some place. You responded to (or clicked on) a notification 3 hours ago. Now you receive a notification from our app. The notification says Can you take 10 seconds to complete this questionnaire?"" What will you do?""",10,30,0,bus,others,180,Accept,,
31MCUE39BK5PIFQOT5TTBMCU7M3G3D,3VFQQ8MLFEIXZLA06PBE4V6V7CE4BM,Answer a survey about responding to the mobile phone notifications,You will answer a survey about responding to the notifications of your mobile phone in hypothetical situations.,"survey, mobile phone usage",$0.01 ,Fri Mar 02 22:21:16 PST 2018,1,BatchId:3137574;OriginalHitTemplateId:926051491;,60,86400,Fri Mar 09 22:21:16 PST 2018,,,31HQ4X3T3TTBB7NYKDWBK5LZE21LSK,F07E6352E63521,Submitted,Fri Mar 02 22:24:14 PST 2018,Fri Mar 02 22:24:39 PST 2018,Sat Mar 03 22:24:39 PST 2018,,,,25,0% (0/0),0% (0/0),0% (0/0),"It is 2:45 PM on Wednesday. You are walking around your work You responded to (or clicked on) a notification 35 minutes ago. Now you receive a notification from our app. The notification says Can you take 10 seconds to complete this questionnaire?"" What will you do?""",14,45,3,walking,work,35,Later,,
31N9JPQXIP1AMFE9VUVQ50M1R37NHZ,3VFQQ8MLFEIXZLA06PBE4V6V7CE4BM,Answer a survey about responding to the mobile phone notifications,You will answer a survey about responding to the notifications of your mobile phone in hypothetical situations.,"survey, mobile phone usage",$0.01 ,Fri Mar 02 22:21:16 PST 2018,1,BatchId:3137574;OriginalHitTemplateId:926051491;,60,86400,Fri Mar 09 22:21:16 PST 2018,,,31T4R4OBOTZWP590JX51MVZGXFAC78,B656AEA26AEA68,Submitted,Fri Mar 02 22:25:28 PST 2018,Fri Mar 02 22:25:41 PST 2018,Sat Mar 03 22:25:41 PST 2018,,,,13,0% (0/0),0% (0/0),0% (0/0),"It is 1:30 PM on Monday. You are walking around your work You responded to (or clicked on) a notification 4 hours ago. Now you receive a notification from our app. The notification says Can you take 10 seconds to complete this questionnaire?"" What will you do?""",13,30,1,walking,work,240,Later,,
324N5FAHSXUEWAOQ36KES9W65NDKVH,3VFQQ8MLFEIXZLA06PBE4V6V7CE4BM,Answer a survey about responding to the mobile phone notifications,You will answer a survey about responding to the notifications of your mobile phone in hypothetical situations.,"survey, mobile phone usage",$0.01 ,Fri Mar 02 22:21:16 PST 2018,1,BatchId:3137574;OriginalHitTemplateId:926051491;,60,86400,Fri Mar 09 22:21:16 PST 2018,,,326O153BMJHR3CUO61EICB9F42QEDW,9C599A9299A9F8,Submitted,Fri Mar 02 22:28:33 PST 2018,Fri Mar 02 22:28:48 PST 2018,Sat Mar 03 22:28:48 PST 2018,,,,15,0% (0/0),0% (0/0),0% (0/0),"It is 4:15 PM on Saturday. You are taking a train to some place. You responded to (or clicked on) a notification 2 hours and 30 minutes ago. Now you receive a notification from our app. The notification says Can you take 10 seconds to complete this questionnaire?"" What will you do?""",16,15,6,train,others,150,Accept,,
32L724R85L3ALV16HRQ391SBRVNIPJ,3VFQQ8MLFEIXZLA06PBE4V6V7CE4BM,Answer a survey about responding to the mobile phone notifications,You will answer a survey about responding to the notifications of your mobile phone in hypothetical situations.,"survey, mobile phone usage",$0.01 ,Fri Mar 02 22:21:16 PST 2018,1,BatchId:3137574;OriginalHitTemplateId:926051491;,60,86400,Fri Mar 09 22:21:16 PST 2018,,,339ANSOTR6LBXN2KU1QW132XG4TIKL,18D70B9270B912,Submitted,Fri Mar 02 22:24:08 PST 2018,Fri Mar 02 22:24:18 PST 2018,Sat Mar 03 22:24:18 PST 2018,,,,10,0% (0/0),0% (0/0),0% (0/0),"It is 9:30 AM on Friday. You are not moving (you could be sleeping or sitting some place). You are at your friend's place. You responded to (or clicked on) a notification 2 hours ago. Now you receive a notification from our app. The notification says Can you take 10 seconds to complete this questionnaire?"" What will you do?""",9,30,5,walking,friend-house,120,Accept,,
32TZXEA1OL3DWWJPB0D9E40UJXG14J,3VFQQ8MLFEIXZLA06PBE4V6V7CE4BM,Answer a survey about responding to the mobile phone notifications,You will answer a survey about responding to the notifications of your mobile phone in hypothetical situations.,"survey, mobile phone usage",$0.01 ,Fri Mar 02 22:21:16 PST 2018,1,BatchId:3137574;OriginalHitTemplateId:926051491;,60,86400,Fri Mar 09 22:21:16 PST 2018,,,33LKR6A5KF3Z00W9G3JIAV87IFA1TJ,72AE87E2E87E9B,Submitted,Fri Mar 02 22:25:23 PST 2018,Fri Mar 02 22:25:40 PST 2018,Sat Mar 03 22:25:40 PST 2018,,,,17,0% (0/0),0% (0/0),0% (0/0),"It is 6:45 PM on Tuesday. You are walking at the beach. You responded to (or clicked on) a notification 25 minutes ago. Now you receive a notification from our app. The notification says Can you take 10 seconds to complete this questionnaire?"" What will you do?""",18,45,2,walking,beach,25,Accept,,
335VBRURDJJDD3JD4J4F2WU4UYY9E6,3VFQQ8MLFEIXZLA06PBE4V6V7CE4BM,Answer a survey about responding to the mobile phone notifications,You will answer a survey about responding to the notifications of your mobile phone in hypothetical situations.,"survey, mobile phone usage",$0.01 ,Fri Mar 02 22:21:16 PST 2018,1,BatchId:3137574;OriginalHitTemplateId:926051491;,60,86400,Fri Mar 09 22:21:16 PST 2018,,,33PPO7FECWY3JHWA2K49XQ77WVWID8,9EF4D6D24D6DDD,Submitted,Fri Mar 02 22:28:08 PST 2018,Fri Mar 02 22:28:14 PST 2018,Sat Mar 03 22:28:14 PST 2018,,,,6,0% (0/0),0% (0/0),0% (0/0),"It is 10 AM on Saturday. You are walking at a park. You responded to (or clicked on) a notification 25 minutes ago. Now you receive a notification from our app. The notification says Can you take 10 seconds to complete this questionnaire?"" What will you do?""",10,0,6,walking,park,25,Accept,,
33IXYHIZB512DJYEJAP0S9MQOSOE2J,3VFQQ8MLFEIXZLA06PBE4V6V7CE4BM,Answer a survey about responding to the mobile phone notifications,You will answer a survey about responding to the notifications of your mobile phone in hypothetical situations.,"survey, mobile phone usage",$0.01 ,Fri Mar 02 22:21:16 PST 2018,1,BatchId:3137574;OriginalHitTemplateId:926051491;,60,86400,Fri Mar 09 22:21:16 PST 2018,,,33SA9F9TRYDQCIUFNWJ84ZY0BIWEW5,345E3E12E3E17A,Submitted,Fri Mar 02 22:26:18 PST 2018,Fri Mar 02 22:26:43 PST 2018,Sat Mar 03 22:26:43 PST 2018,,,,25,0% (0/0),0% (0/0),0% (0/0),"It is 8:30 PM on Wednesday. You're sitting (or standing) at a shopping mall. You responded to (or clicked on) a notification 2 minutes ago. Now you receive a notification from our app. The notification says Can you take 10 seconds to complete this questionnaire?"" What will you do?""",20,30,3,stationary,mall,2,Later,,
344M16OZKIYY25N75TNKKXPOZNFNEJ,3VFQQ8MLFEIXZLA06PBE4V6V7CE4BM,Answer a survey about responding to the mobile phone notifications,You will answer a survey about responding to the notifications of your mobile phone in hypothetical situations.,"survey, mobile phone usage",$0.01 ,Fri Mar 02 22:21:16 PST 2018,1,BatchId:3137574;OriginalHitTemplateId:926051491;,60,86400,Fri Mar 09 22:21:16 PST 2018,,,345LHZDEDYBAAGPD3CNB3K96ZDVU3V,72AE87E2E87E9B,Submitted,Fri Mar 02 22:25:58 PST 2018,Fri Mar 02 22:26:13 PST 2018,Sat Mar 03 22:26:13 PST 2018,,,,15,0% (0/0),0% (0/0),0% (0/0),"It is 5:15 PM on Tuesday. You are walking at a park. You responded to (or clicked on) a notification 35 minutes ago. Now you receive a notification from our app. The notification says Can you take 10 seconds to complete this questionnaire?"" What will you do?""",17,15,2,walking,park,35,Accept,,
34F34TZU7WIAOZK6XB0RPPZIT0KJ29,3VFQQ8MLFEIXZLA06PBE4V6V7CE4BM,Answer a survey about responding to the mobile phone notifications,You will answer a survey about responding to the notifications of your mobile phone in hypothetical situations.,"survey, mobile phone usage",$0.01 ,Fri Mar 02 22:21:16 PST 2018,1,BatchId:3137574;OriginalHitTemplateId:926051491;,60,86400,Fri Mar 09 22:21:16 PST 2018,,,34BBWHLWHBU2SNW1JF9ZPEWS3B2WIV,DB1F1CE2F1CE48,Submitted,Fri Mar 02 22:25:52 PST 2018,Fri Mar 02 22:26:10 PST 2018,Sat Mar 03 22:26:10 PST 2018,,,,18,0% (0/0),0% (0/0),0% (0/0),"It is 2:30 PM on Tuesday. You are not moving (you could be sleeping or sitting some place). You are at home. You responded to (or clicked on) a notification 55 minutes ago. Now you receive a notification from our app. The notification says Can you take 10 seconds to complete this questionnaire?"" What will you do?""",14,30,2,walking,home,55,Accept,,
34R0BODSP1IUCGH11TRYQGP282FE5K,3VFQQ8MLFEIXZLA06PBE4V6V7CE4BM,Answer a survey about responding to the mobile phone notifications,You will answer a survey about responding to the notifications of your mobile phone in hypothetical situations.,"survey, mobile phone usage",$0.01 ,Fri Mar 02 22:21:16 PST 2018,1,BatchId:3137574;OriginalHitTemplateId:926051491;,60,86400,Fri Mar 09 22:21:16 PST 2018,,,34HJIJKLP6FV5RXH8G2Z9B3VRK04VF,72AE87E2E87E9B,Submitted,Fri Mar 02 22:28:06 PST 2018,Fri Mar 02 22:28:23 PST 2018,Sat Mar 03 22:28:23 PST 2018,,,,17,0% (0/0),0% (0/0),0% (0/0),"It is 10 AM on Friday. You are not moving (you could be sleeping or sitting some place). You are at your friend's place. You responded to (or clicked on) a notification 1 minute ago. Now you receive a notification from our app. The notification says Can you take 10 seconds to complete this questionnaire?"" What will you do?""",10,0,5,walking,friend-house,1,Accept,,
35NNO802AVFAIAPT1CDB5CNGRGMNIS,3VFQQ8MLFEIXZLA06PBE4V6V7CE4BM,Answer a survey about responding to the mobile phone notifications,You will answer a survey about responding to the notifications of your mobile phone in hypothetical situations.,"survey, mobile phone usage",$0.01 ,Fri Mar 02 22:21:16 PST 2018,1,BatchId:3137574;OriginalHitTemplateId:926051491;,60,86400,Fri Mar 09 22:21:16 PST 2018,,,34S6N1K2ZW2MLY9I9JKCGREX5RJLHY,9EF4D6D24D6DDD,Submitted,Fri Mar 02 22:28:14 PST 2018,Fri Mar 02 22:28:30 PST 2018,Sat Mar 03 22:28:30 PST 2018,,,,16,0% (0/0),0% (0/0),0% (0/0),"It is 2 PM on Thursday. You're sitting (or standing) at your friend's place. You responded to (or clicked on) a notification 55 minutes ago. Now you receive a notification from our app. The notification says Can you take 10 seconds to complete this questionnaire?"" What will you do?""",14,0,4,stationary,friend-house,55,Accept,,
37VE3DA4YU08L6PCS4QHE5M7AETBHY,3VFQQ8MLFEIXZLA06PBE4V6V7CE4BM,Answer a survey about responding to the mobile phone notifications,You will answer a survey about responding to the notifications of your mobile phone in hypothetical situations.,"survey, mobile phone usage",$0.01 ,Fri Mar 02 22:21:17 PST 2018,1,BatchId:3137574;OriginalHitTemplateId:926051491;,60,86400,Fri Mar 09 22:21:17 PST 2018,,,34S6N1K2ZW2MLY9I9JKCGREX5RKHLV,CEA82D8282D8F7,Submitted,Fri Mar 02 22:24:08 PST 2018,Fri Mar 02 22:24:13 PST 2018,Sat Mar 03 22:24:13 PST 2018,,,,5,0% (0/0),0% (0/0),0% (0/0),"It is 2 PM on Sunday. You are biking at the beach. You responded to (or clicked on) a notification 1 hour and 30 minutes ago. Now you receive a notification from our app. The notification says Can you take 10 seconds to complete this questionnaire?"" What will you do?""",14,0,0,biking,beach,90,Accept,,
37Y5RYYI0PO4OI6T8UUY7GK12SYSX9,3VFQQ8MLFEIXZLA06PBE4V6V7CE4BM,Answer a survey about responding to the mobile phone notifications,You will answer a survey about responding to the notifications of your mobile phone in hypothetical situations.,"survey, mobile phone usage",$0.01 ,Fri Mar 02 22:21:17 PST 2018,1,BatchId:3137574;OriginalHitTemplateId:926051491;,60,86400,Fri Mar 09 22:21:17 PST 2018,,,34YB12FSQZ7SRKWSPP39V4HLQWXGMX,9EF4D6D24D6DDD,Submitted,Fri Mar 02 22:26:27 PST 2018,Fri Mar 02 22:26:58 PST 2018,Sat Mar 03 22:26:58 PST 2018,,,,31,0% (0/0),0% (0/0),0% (0/0),"It is 6 PM on Monday. You are driving to some place. You responded to (or clicked on) a notification 5 minutes ago. Now you receive a notification from our app. The notification says Can you take 10 seconds to complete this questionnaire?"" What will you do?""",18,0,1,driving,others,5,Later,,
38B7Q9C28GO90OQYY1LHQ82RD0A96L,3VFQQ8MLFEIXZLA06PBE4V6V7CE4BM,Answer a survey about responding to the mobile phone notifications,You will answer a survey about responding to the notifications of your mobile phone in hypothetical situations.,"survey, mobile phone usage",$0.01 ,Fri Mar 02 22:21:17 PST 2018,1,BatchId:3137574;OriginalHitTemplateId:926051491;,60,86400,Fri Mar 09 22:21:17 PST 2018,,,34Z02EIMITWZTBBRKKFIWQPXDN40TF,5573EB823EB847,Submitted,Fri Mar 02 22:24:20 PST 2018,Fri Mar 02 22:24:28 PST 2018,Sat Mar 03 22:24:28 PST 2018,,,,8,0% (0/0),0% (0/0),0% (0/0),"It is 2:45 PM on Saturday. You are walking around your home You responded to (or clicked on) a notification 50 minutes ago. Now you receive a notification from our app. The notification says Can you take 10 seconds to complete this questionnaire?"" What will you do?""",14,45,6,walking,home,50,Accept,,
38RHULDV9YY054Y7TD4Y1V07KSQIWE,3VFQQ8MLFEIXZLA06PBE4V6V7CE4BM,Answer a survey about responding to the mobile phone notifications,You will answer a survey about responding to the notifications of your mobile phone in hypothetical situations.,"survey, mobile phone usage",$0.01 ,Fri Mar 02 22:21:17 PST 2018,1,BatchId:3137574;OriginalHitTemplateId:926051491;,60,86400,Fri Mar 09 22:21:17 PST 2018,,,351SEKWQS10PF0M1NZ21PJEOD4HDMK,B656AEA26AEA68,Submitted,Fri Mar 02 22:27:14 PST 2018,Fri Mar 02 22:27:53 PST 2018,Sat Mar 03 22:27:53 PST 2018,,,,39,0% (0/0),0% (0/0),0% (0/0),"It is 12 PM on Saturday. You are biking at a park. You responded to (or clicked on) a notification 2 hours and 30 minutes ago. Now you receive a notification from our app. The notification says Can you take 10 seconds to complete this questionnaire?"" What will you do?""",12,0,6,biking,park,150,Later,,
38Z7YZ2SB3LVL72LH45S96ILWR9IQA,3VFQQ8MLFEIXZLA06PBE4V6V7CE4BM,Answer a survey about responding to the mobile phone notifications,You will answer a survey about responding to the notifications of your mobile phone in hypothetical situations.,"survey, mobile phone usage",$0.01 ,Fri Mar 02 22:21:17 PST 2018,1,BatchId:3137574;OriginalHitTemplateId:926051491;,60,86400,Fri Mar 09 22:21:17 PST 2018,,,35USIKEBNSZWC9SMPD9NWSTW1846NL,508FD6A2FD6A8D,Submitted,Fri Mar 02 22:25:04 PST 2018,Fri Mar 02 22:25:19 PST 2018,Sat Mar 03 22:25:19 PST 2018,,,,15,0% (0/0),0% (0/0),0% (0/0),"It is 8 PM on Saturday. You are biking at a gym. You responded to (or clicked on) a notification 4 minutes ago. Now you receive a notification from our app. The notification says Can you take 10 seconds to complete this questionnaire?"" What will you do?""",20,0,6,biking,gym,4,Later,,
391JB9X4ZYRV6NUHPEJN5DDTEU1KM0,3VFQQ8MLFEIXZLA06PBE4V6V7CE4BM,Answer a survey about responding to the mobile phone notifications,You will answer a survey about responding to the notifications of your mobile phone in hypothetical situations.,"survey, mobile phone usage",$0.01 ,Fri Mar 02 22:21:17 PST 2018,1,BatchId:3137574;OriginalHitTemplateId:926051491;,60,86400,Fri Mar 09 22:21:17 PST 2018,,,36DSNE9QZ6HQIP75AB3PKLY6DOTOJO,18D70B9270B912,Submitted,Fri Mar 02 22:23:42 PST 2018,Fri Mar 02 22:24:07 PST 2018,Sat Mar 03 22:24:07 PST 2018,,,,25,0% (0/0),0% (0/0),0% (0/0),"It is 10:30 AM on Saturday. You are walking around your friend's place You responded to (or clicked on) a notification 10 minutes ago. Now you receive a notification from our app. The notification says Can you take 10 seconds to complete this questionnaire?"" What will you do?""",10,30,6,walking,friend-house,10,Later,,
39AYGO6AFF3UPQUSZB4M89XBIPR6NH,3VFQQ8MLFEIXZLA06PBE4V6V7CE4BM,Answer a survey about responding to the mobile phone notifications,You will answer a survey about responding to the notifications of your mobile phone in hypothetical situations.,"survey, mobile phone usage",$0.01 ,Fri Mar 02 22:21:17 PST 2018,1,BatchId:3137574;OriginalHitTemplateId:926051491;,60,86400,Fri Mar 09 22:21:17 PST 2018,,,36H9ULYP63DWCCUCB8KZXRPSLN2JFX,9C599A9299A9F8,Submitted,Fri Mar 02 22:26:49 PST 2018,Fri Mar 02 22:27:11 PST 2018,Sat Mar 03 22:27:11 PST 2018,,,,22,0% (0/0),0% (0/0),0% (0/0),"It is 10:15 AM on Tuesday. You are driving to some place. You responded to (or clicked on) a notification 2 hours ago. Now you receive a notification from our app. The notification says Can you take 10 seconds to complete this questionnaire?"" What will you do?""",10,15,2,driving,others,120,Dismiss,,
3ACRLU860NXW1WYA23IBT2PUIY1BEI,3VFQQ8MLFEIXZLA06PBE4V6V7CE4BM,Answer a survey about responding to the mobile phone notifications,You will answer a survey about responding to the notifications of your mobile phone in hypothetical situations.,"survey, mobile phone usage",$0.01 ,Fri Mar 02 22:21:17 PST 2018,1,BatchId:3137574;OriginalHitTemplateId:926051491;,60,86400,Fri Mar 09 22:21:17 PST 2018,,,36WLNQG780TYOFW4S5NCHLLF1HEEBP,9C599A9299A9F8,Submitted,Fri Mar 02 22:28:01 PST 2018,Fri Mar 02 22:28:12 PST 2018,Sat Mar 03 22:28:12 PST 2018,,,,11,0% (0/0),0% (0/0),0% (0/0),"It is 8:30 AM on Monday. You are not moving (you could be sleeping or sitting some place). You are at your friend's place. You responded to (or clicked on) a notification 2 hours and 30 minutes ago. Now you receive a notification from our app. The notification says Can you take 10 seconds to complete this questionnaire?"" What will you do?""",8,30,1,walking,friend-house,150,Accept,,
3APP19WN71XOFYD6C7RRIPOEHD56G9,3VFQQ8MLFEIXZLA06PBE4V6V7CE4BM,Answer a survey about responding to the mobile phone notifications,You will answer a survey about responding to the notifications of your mobile phone in hypothetical situations.,"survey, mobile phone usage",$0.01 ,Fri Mar 02 22:21:17 PST 2018,1,BatchId:3137574;OriginalHitTemplateId:926051491;,60,86400,Fri Mar 09 22:21:17 PST 2018,,,37XITHEISXS67OTFSB37RCQGYR4CR7,B656AEA26AEA68,Submitted,Fri Mar 02 22:26:24 PST 2018,Fri Mar 02 22:26:38 PST 2018,Sat Mar 03 22:26:38 PST 2018,,,,14,0% (0/0),0% (0/0),0% (0/0),"It is 8:30 PM on Monday. You're sitting (or standing) at home. You responded to (or clicked on) a notification 1 hour and 30 minutes ago. Now you receive a notification from our app. The notification says Can you take 10 seconds to complete this questionnaire?"" What will you do?""",20,30,1,stationary,home,90,Accept,,
3APP19WN71XOFYD6C7RRIPOEHD5G6J,3VFQQ8MLFEIXZLA06PBE4V6V7CE4BM,Answer a survey about responding to the mobile phone notifications,You will answer a survey about responding to the notifications of your mobile phone in hypothetical situations.,"survey, mobile phone usage",$0.01 ,Fri Mar 02 22:21:17 PST 2018,1,BatchId:3137574;OriginalHitTemplateId:926051491;,60,86400,Fri Mar 09 22:21:17 PST 2018,,,37Z929RLGARZUKV3TMY26WVG8FMTSU,5921CC421CC465,Submitted,Fri Mar 02 22:28:23 PST 2018,Fri Mar 02 22:28:33 PST 2018,Sat Mar 03 22:28:33 PST 2018,,,,10,0% (0/0),0% (0/0),0% (0/0),"It is 2:45 PM on Thursday. You're sitting (or standing) at home. You responded to (or clicked on) a notification 10 minutes ago. Now you receive a notification from our app. The notification says Can you take 10 seconds to complete this questionnaire?"" What will you do?""",14,45,4,stationary,home,10,Accept,,
3AQN9REUTFZNMYDLG0LBVV5A3VIDY6,3VFQQ8MLFEIXZLA06PBE4V6V7CE4BM,Answer a survey about responding to the mobile phone notifications,You will answer a survey about responding to the notifications of your mobile phone in hypothetical situations.,"survey, mobile phone usage",$0.01 ,Fri Mar 02 22:21:17 PST 2018,1,BatchId:3137574;OriginalHitTemplateId:926051491;,60,86400,Fri Mar 09 22:21:17 PST 2018,,,3907X2AHF1O8XTLYIQACA4HFLI3P2J,9C599A9299A9F8,Submitted,Fri Mar 02 22:28:15 PST 2018,Fri Mar 02 22:28:32 PST 2018,Sat Mar 03 22:28:32 PST 2018,,,,17,0% (0/0),0% (0/0),0% (0/0),"It is 5 PM on Wednesday. You are walking around your home You responded to (or clicked on) a notification 2 hours and 30 minutes ago. Now you receive a notification from our app. The notification says Can you take 10 seconds to complete this questionnaire?"" What will you do?""",17,0,3,walking,home,150,Accept,,
3B9XR6P1WEE4CCK2G4T2QI2MN6XBJ3,3VFQQ8MLFEIXZLA06PBE4V6V7CE4BM,Answer a survey about responding to the mobile phone notifications,You will answer a survey about responding to the notifications of your mobile phone in hypothetical situations.,"survey, mobile phone usage",$0.01 ,Fri Mar 02 22:21:17 PST 2018,1,BatchId:3137574;OriginalHitTemplateId:926051491;,60,86400,Fri Mar 09 22:21:17 PST 2018,,,39GHHAVOMGAMEWXNRROG6NS1WXT4JU,02C6F9626F9630,Submitted,Fri Mar 02 22:25:41 PST 2018,Fri Mar 02 22:26:02 PST 2018,Sat Mar 03 22:26:02 PST 2018,,,,21,0% (0/0),0% (0/0),0% (0/0),"It is 5:15 PM on Saturday. You are walking to some place. You responded to (or clicked on) a notification 20 minutes ago. Now you receive a notification from our app. The notification says Can you take 10 seconds to complete this questionnaire?"" What will you do?""",17,15,6,walking,others,20,Dismiss,,
3BCRDCM0ODDTHK9P2YC6GHG7OUM6KC,3VFQQ8MLFEIXZLA06PBE4V6V7CE4BM,Answer a survey about responding to the mobile phone notifications,You will answer a survey about responding to the notifications of your mobile phone in hypothetical situations.,"survey, mobile phone usage",$0.01 ,Fri Mar 02 22:21:17 PST 2018,1,BatchId:3137574;OriginalHitTemplateId:926051491;,60,86400,Fri Mar 09 22:21:17 PST 2018,,,39K0FND3AIYRHTJP3PBZZI6IS1KMAR,5921CC421CC465,Submitted,Fri Mar 02 22:28:44 PST 2018,Fri Mar 02 22:29:10 PST 2018,Sat Mar 03 22:29:10 PST 2018,,,,26,0% (0/0),0% (0/0),0% (0/0),"It is 11:45 AM on Friday. You're sitting (or standing) at your friend's place. You responded to (or clicked on) a notification 50 minutes ago. Now you receive a notification from our app. The notification says Can you take 10 seconds to complete this questionnaire?"" What will you do?""",11,45,5,stationary,friend-house,50,Accept,,
3BVS8WK9Q0E8H10WYM82EHNMAR8BIR,3VFQQ8MLFEIXZLA06PBE4V6V7CE4BM,Answer a survey about responding to the mobile phone notifications,You will answer a survey about responding to the notifications of your mobile phone in hypothetical situations.,"survey, mobile phone usage",$0.01 ,Fri Mar 02 22:21:17 PST 2018,1,BatchId:3137574;OriginalHitTemplateId:926051491;,60,86400,Fri Mar 09 22:21:17 PST 2018,,,39N5ACM9HF6JXD6X3ZPRKRPTROD9PV,4.9706E+13,Submitted,Fri Mar 02 22:27:49 PST 2018,Fri Mar 02 22:28:28 PST 2018,Sat Mar 03 22:28:28 PST 2018,,,,39,0% (0/0),0% (0/0),0% (0/0),"It is 11 AM on Wednesday. You are biking at the beach. You responded to (or clicked on) a notification 45 minutes ago. Now you receive a notification from our app. The notification says Can you take 10 seconds to complete this questionnaire?"" What will you do?""",11,0,3,biking,beach,45,Later,,
3CMIQF80GN9FSN7KF3W3C3SGN0EQ6O,3VFQQ8MLFEIXZLA06PBE4V6V7CE4BM,Answer a survey about responding to the mobile phone notifications,You will answer a survey about responding to the notifications of your mobile phone in hypothetical situations.,"survey, mobile phone usage",$0.01 ,Fri Mar 02 22:21:17 PST 2018,1,BatchId:3137574;OriginalHitTemplateId:926051491;,60,86400,Fri Mar 09 22:21:17 PST 2018,,,39O5D9O87UBEOM8DHL2B9EN0SDO3CU,B656AEA26AEA68,Submitted,Fri Mar 02 22:22:38 PST 2018,Fri Mar 02 22:23:09 PST 2018,Sat Mar 03 22:23:09 PST 2018,,,,31,0% (0/0),0% (0/0),0% (0/0),"It is 8:30 AM on Tuesday. You're sitting (or standing) at a shopping mall. You responded to (or clicked on) a notification 35 minutes ago. Now you receive a notification from our app. The notification says Can you take 10 seconds to complete this questionnaire?"" What will you do?""",8,30,2,stationary,mall,35,Accept,,
3CZH926SICXCGXD1NO8OLOJO86KE4F,3VFQQ8MLFEIXZLA06PBE4V6V7CE4BM,Answer a survey about responding to the mobile phone notifications,You will answer a survey about responding to the notifications of your mobile phone in hypothetical situations.,"survey, mobile phone usage",$0.01 ,Fri Mar 02 22:21:17 PST 2018,1,BatchId:3137574;OriginalHitTemplateId:926051491;,60,86400,Fri Mar 09 22:21:17 PST 2018,,,39O5D9O87UBEOM8DHL2B9EN0SDOC33,B656AEA26AEA68,Submitted,Fri Mar 02 22:27:09 PST 2018,Fri Mar 02 22:27:35 PST 2018,Sat Mar 03 22:27:35 PST 2018,,,,26,0% (0/0),0% (0/0),0% (0/0),"It is 6 PM on Wednesday. You are running at a park. You responded to (or clicked on) a notification 4 minutes ago. Now you receive a notification from our app. The notification says Can you take 10 seconds to complete this questionnaire?"" What will you do?""",18,0,3,running,park,4,Later,,
3D17ECOUOEESE00LBM8Q4Z8O5XK13Y,3VFQQ8MLFEIXZLA06PBE4V6V7CE4BM,Answer a survey about responding to the mobile phone notifications,You will answer a survey about responding to the notifications of your mobile phone in hypothetical situations.,"survey, mobile phone usage",$0.01 ,Fri Mar 02 22:21:17 PST 2018,1,BatchId:3137574;OriginalHitTemplateId:926051491;,60,86400,Fri Mar 09 22:21:17 PST 2018,,,39PAAFCODNJFMCC7NH37HJFN7JGVT1,1D71CFB21CFB3A,Submitted,Fri Mar 02 22:24:40 PST 2018,Fri Mar 02 22:24:48 PST 2018,Sat Mar 03 22:24:48 PST 2018,,,,8,0% (0/0),0% (0/0),0% (0/0),"It is 9:45 PM on Tuesday. You are running at a gym. You responded to (or clicked on) a notification 10 minutes ago. Now you receive a notification from our app. The notification says Can you take 10 seconds to complete this questionnaire?"" What will you do?""",21,45,2,running,gym,10,Dismiss,,
3D1TUISJWIJND092YDPXJ7FAZCFIUF,3VFQQ8MLFEIXZLA06PBE4V6V7CE4BM,Answer a survey about responding to the mobile phone notifications,You will answer a survey about responding to the notifications of your mobile phone in hypothetical situations.,"survey, mobile phone usage",$0.01 ,Fri Mar 02 22:21:17 PST 2018,1,BatchId:3137574;OriginalHitTemplateId:926051491;,60,86400,Fri Mar 09 22:21:17 PST 2018,,,39U1BHVTDMAVA3AO37X1YON4GZNT32,B656AEA26AEA68,Submitted,Fri Mar 02 22:27:16 PST 2018,Fri Mar 02 22:28:06 PST 2018,Sat Mar 03 22:28:06 PST 2018,,,,50,0% (0/0),0% (0/0),0% (0/0),"It is 12:15 PM on Wednesday. You're sitting (or standing) at market. You responded to (or clicked on) a notification 20 minutes ago. Now you receive a notification from our app. The notification says Can you take 10 seconds to complete this questionnaire?"" What will you do?""",12,15,3,stationary,market,20,Accept,,
3E24UO25QZ9C7BU40Q4ZNYXG8ZW6OW,3VFQQ8MLFEIXZLA06PBE4V6V7CE4BM,Answer a survey about responding to the mobile phone notifications,You will answer a survey about responding to the notifications of your mobile phone in hypothetical situations.,"survey, mobile phone usage",$0.01 ,Fri Mar 02 22:21:17 PST 2018,1,BatchId:3137574;OriginalHitTemplateId:926051491;,60,86400,Fri Mar 09 22:21:17 PST 2018,,,3CPLWGV3MPIJUSUKNKCZG2KYR9C9NZ,E23744C2744CD6,Submitted,Fri Mar 02 22:25:08 PST 2018,Fri Mar 02 22:25:13 PST 2018,Sat Mar 03 22:25:13 PST 2018,,,,5,0% (0/0),0% (0/0),0% (0/0),"It is 2:45 PM on Wednesday. You are not moving (you could be sleeping or sitting some place). You are at home. You responded to (or clicked on) a notification 5 minutes ago. Now you receive a notification from our app. The notification says Can you take 10 seconds to complete this questionnaire?"" What will you do?""",14,45,3,walking,home,5,Later,,
3E6L1VR4XW5I1YHB1NL904O2GY56FA,3VFQQ8MLFEIXZLA06PBE4V6V7CE4BM,Answer a survey about responding to the mobile phone notifications,You will answer a survey about responding to the notifications of your mobile phone in hypothetical situations.,"survey, mobile phone usage",$0.01 ,Fri Mar 02 22:21:17 PST 2018,1,BatchId:3137574;OriginalHitTemplateId:926051491;,60,86400,Fri Mar 09 22:21:17 PST 2018,,,3D3VGR7TA1YIUOXWZIS6Y9MMSER3R0,61BD99C2D99CB2,Submitted,Fri Mar 02 22:22:09 PST 2018,Fri Mar 02 22:22:37 PST 2018,Sat Mar 03 22:22:37 PST 2018,,,,28,0% (0/0),0% (0/0),0% (0/0),"It is 6:15 PM on Friday. You are biking at a park. You responded to (or clicked on) a notification 10 minutes ago. Now you receive a notification from our app. The notification says Can you take 10 seconds to complete this questionnaire?"" What will you do?""",18,15,5,biking,park,10,Accept,,
3E9ZFLPWOYBFU43X3I0K3EEETUWIX7,3VFQQ8MLFEIXZLA06PBE4V6V7CE4BM,Answer a survey about responding to the mobile phone notifications,You will answer a survey about responding to the notifications of your mobile phone in hypothetical situations.,"survey, mobile phone usage",$0.01 ,Fri Mar 02 22:21:17 PST 2018,1,BatchId:3137574;OriginalHitTemplateId:926051491;,60,86400,Fri Mar 09 22:21:17 PST 2018,,,3D4CH1LGEBCDK0DY0GZ4QIB1QXQ9GR,B656AEA26AEA68,Submitted,Fri Mar 02 22:28:33 PST 2018,Fri Mar 02 22:28:52 PST 2018,Sat Mar 03 22:28:52 PST 2018,,,,19,0% (0/0),0% (0/0),0% (0/0),"It is 1:15 PM on Friday. You are driving to some place. You responded to (or clicked on) a notification 3 hours and 30 minutes ago. Now you receive a notification from our app. The notification says Can you take 10 seconds to complete this questionnaire?"" What will you do?""",13,15,5,driving,others,210,Later,,
3ECKRY5B1QF4ZZ3C40O50ZUP1UUIZ4,3VFQQ8MLFEIXZLA06PBE4V6V7CE4BM,Answer a survey about responding to the mobile phone notifications,You will answer a survey about responding to the notifications of your mobile phone in hypothetical situations.,"survey, mobile phone usage",$0.01 ,Fri Mar 02 22:21:17 PST 2018,1,BatchId:3137574;OriginalHitTemplateId:926051491;,60,86400,Fri Mar 09 22:21:17 PST 2018,,,3D4CH1LGEBCDK0DY0GZ4QIB1QXQG9Y,72AE87E2E87E9B,Submitted,Fri Mar 02 22:23:17 PST 2018,Fri Mar 02 22:23:26 PST 2018,Sat Mar 03 22:23:26 PST 2018,,,,9,0% (0/0),0% (0/0),0% (0/0),"It is 11:45 AM on Saturday. You are walking around your friend's place You responded to (or clicked on) a notification 45 minutes ago. Now you receive a notification from our app. The notification says Can you take 10 seconds to complete this questionnaire?"" What will you do?""",11,45,6,walking,friend-house,45,Accept,,
3F6045TU7D7WI7SWW8OTAITT31I99W,3VFQQ8MLFEIXZLA06PBE4V6V7CE4BM,Answer a survey about responding to the mobile phone notifications,You will answer a survey about responding to the notifications of your mobile phone in hypothetical situations.,"survey, mobile phone usage",$0.01 ,Fri Mar 02 22:21:17 PST 2018,1,BatchId:3137574;OriginalHitTemplateId:926051491;,60,86400,Fri Mar 09 22:21:17 PST 2018,,,3DPNQGW4LMYAQ1IG78URXJNWAR964Q,B656AEA26AEA68,Submitted,Fri Mar 02 22:27:12 PST 2018,Fri Mar 02 22:27:41 PST 2018,Sat Mar 03 22:27:41 PST 2018,,,,29,0% (0/0),0% (0/0),0% (0/0),"It is 10:15 AM on Friday. You're sitting (or standing) at home. You responded to (or clicked on) a notification 2 hours and 30 minutes ago. Now you receive a notification from our app. The notification says Can you take 10 seconds to complete this questionnaire?"" What will you do?""",10,15,5,stationary,home,150,Accept,,
3FCO4VKOZ4W9ZKVKPM6VO03YZ8AE7Z,3VFQQ8MLFEIXZLA06PBE4V6V7CE4BM,Answer a survey about responding to the mobile phone notifications,You will answer a survey about responding to the notifications of your mobile phone in hypothetical situations.,"survey, mobile phone usage",$0.01 ,Fri Mar 02 22:21:17 PST 2018,1,BatchId:3137574;OriginalHitTemplateId:926051491;,60,86400,Fri Mar 09 22:21:17 PST 2018,,,3EFVCAY5L4SNXXKP3UETNZ86YJP8J5,9C599A9299A9F8,Submitted,Fri Mar 02 22:24:56 PST 2018,Fri Mar 02 22:25:14 PST 2018,Sat Mar 03 22:25:14 PST 2018,,,,18,0% (0/0),0% (0/0),0% (0/0),"It is 9 PM on Saturday. You're sitting (or standing) at your friend's place. You responded to (or clicked on) a notification 3 minutes ago. Now you receive a notification from our app. The notification says Can you take 10 seconds to complete this questionnaire?"" What will you do?""",21,0,6,stationary,friend-house,3,Accept,,
3G4VVJO6PZZ1RQRUHUBFMH7OJZCKPW,3VFQQ8MLFEIXZLA06PBE4V6V7CE4BM,Answer a survey about responding to the mobile phone notifications,You will answer a survey about responding to the notifications of your mobile phone in hypothetical situations.,"survey, mobile phone usage",$0.01 ,Fri Mar 02 22:21:17 PST 2018,1,BatchId:3137574;OriginalHitTemplateId:926051491;,60,86400,Fri Mar 09 22:21:17 PST 2018,,,3EJJQNKU9SOXOW4VE3H823NWBJ9HRL,9C599A9299A9F8,Submitted,Fri Mar 02 22:26:36 PST 2018,Fri Mar 02 22:26:48 PST 2018,Sat Mar 03 22:26:48 PST 2018,,,,12,0% (0/0),0% (0/0),0% (0/0),"It is 5:30 PM on Thursday. You are walking around a shopping mall You responded to (or clicked on) a notification 1 hour and 15 minutes ago. Now you receive a notification from our app. The notification says Can you take 10 seconds to complete this questionnaire?"" What will you do?""",17,30,4,walking,mall,75,Dismiss,,
3GS542CVJV6DHKQKTIBCY2ORH5Z955,3VFQQ8MLFEIXZLA06PBE4V6V7CE4BM,Answer a survey about responding to the mobile phone notifications,You will answer a survey about responding to the notifications of your mobile phone in hypothetical situations.,"survey, mobile phone usage",$0.01 ,Fri Mar 02 22:21:17 PST 2018,1,BatchId:3137574;OriginalHitTemplateId:926051491;,60,86400,Fri Mar 09 22:21:17 PST 2018,,,3EJPLAJKENZQTY65S1KHRF05BMC6Z2,9C599A9299A9F8,Submitted,Fri Mar 02 22:27:33 PST 2018,Fri Mar 02 22:27:47 PST 2018,Sat Mar 03 22:27:47 PST 2018,,,,14,0% (0/0),0% (0/0),0% (0/0),"It is 12:45 PM on Tuesday. You are walking around your work You responded to (or clicked on) a notification 45 minutes ago. Now you receive a notification from our app. The notification says Can you take 10 seconds to complete this questionnaire?"" What will you do?""",12,45,2,walking,work,45,Dismiss,,
3GV1I4SEO9841QR7NYO7VHTMDUR6LF,3VFQQ8MLFEIXZLA06PBE4V6V7CE4BM,Answer a survey about responding to the mobile phone notifications,You will answer a survey about responding to the notifications of your mobile phone in hypothetical situations.,"survey, mobile phone usage",$0.01 ,Fri Mar 02 22:21:17 PST 2018,1,BatchId:3137574;OriginalHitTemplateId:926051491;,60,86400,Fri Mar 09 22:21:17 PST 2018,,,3EQHHY4HQTBUJDBMXQMNE26Z4175GW,CEA82D8282D8F7,Submitted,Fri Mar 02 22:24:40 PST 2018,Fri Mar 02 22:25:04 PST 2018,Sat Mar 03 22:25:04 PST 2018,,,,24,0% (0/0),0% (0/0),0% (0/0),"It is 10:15 AM on Sunday. You are not moving (you could be sleeping or sitting some place). You are at a market. You responded to (or clicked on) a notification 2 hours ago. Now you receive a notification from our app. The notification says Can you take 10 seconds to complete this questionnaire?"" What will you do?""",10,15,0,walking,market,120,Accept,,
3HKIF5DF6YGBXHF4AEU32ZFG7ED9GN,3VFQQ8MLFEIXZLA06PBE4V6V7CE4BM,Answer a survey about responding to the mobile phone notifications,You will answer a survey about responding to the notifications of your mobile phone in hypothetical situations.,"survey, mobile phone usage",$0.01 ,Fri Mar 02 22:21:17 PST 2018,1,BatchId:3137574;OriginalHitTemplateId:926051491;,60,86400,Fri Mar 09 22:21:17 PST 2018,,,3EQHHY4HQTBUJDBMXQMNE26Z417G57,9EF4D6D24D6DDD,Submitted,Fri Mar 02 22:27:54 PST 2018,Fri Mar 02 22:28:07 PST 2018,Sat Mar 03 22:28:07 PST 2018,,,,13,0% (0/0),0% (0/0),0% (0/0),"It is 2:30 PM on Monday. You are walking at the beach. You responded to (or clicked on) a notification 1 hour and 45 minutes ago. Now you receive a notification from our app. The notification says Can you take 10 seconds to complete this questionnaire?"" What will you do?""",14,30,1,walking,beach,105,Accept,,
3HKIF5DF6YGBXHF4AEU32ZFG7EDG9U,3VFQQ8MLFEIXZLA06PBE4V6V7CE4BM,Answer a survey about responding to the mobile phone notifications,You will answer a survey about responding to the notifications of your mobile phone in hypothetical situations.,"survey, mobile phone usage",$0.01 ,Fri Mar 02 22:21:17 PST 2018,1,BatchId:3137574;OriginalHitTemplateId:926051491;,60,86400,Fri Mar 09 22:21:17 PST 2018,,,3F6HPJW4JEJYH2IZUCO72YPBEF5W2K,18D70B9270B912,Submitted,Fri Mar 02 22:22:51 PST 2018,Fri Mar 02 22:23:07 PST 2018,Sat Mar 03 22:23:07 PST 2018,,,,16,0% (0/0),0% (0/0),0% (0/0),"It is 12:15 PM on Wednesday. You are not moving (you could be sleeping or sitting some place). You are at your work. You responded to (or clicked on) a notification 35 minutes ago. Now you receive a notification from our app. The notification says Can you take 10 seconds to complete this questionnaire?"" What will you do?""",12,15,3,walking,work,35,Accept,,
3HXK2V1N4KY0XXU5P5FOSC72183G22,3VFQQ8MLFEIXZLA06PBE4V6V7CE4BM,Answer a survey about responding to the mobile phone notifications,You will answer a survey about responding to the notifications of your mobile phone in hypothetical situations.,"survey, mobile phone usage",$0.01 ,Fri Mar 02 22:21:17 PST 2018,1,BatchId:3137574;OriginalHitTemplateId:926051491;,60,86400,Fri Mar 09 22:21:17 PST 2018,,,3FQ5JJ512M73BODBRH3O6BYE23NNK6,9EF4D6D24D6DDD,Submitted,Fri Mar 02 22:25:51 PST 2018,Fri Mar 02 22:26:26 PST 2018,Sat Mar 03 22:26:26 PST 2018,,,,35,0% (0/0),0% (0/0),0% (0/0),"It is 2:15 PM on Thursday. You're sitting (or standing) at home. You responded to (or clicked on) a notification 10 minutes ago. Now you receive a notification from our app. The notification says Can you take 10 seconds to complete this questionnaire?"" What will you do?""",14,15,4,stationary,home,10,Accept,,
3HY86PZXPY1VOYGI06PMNQCLWMAE12,3VFQQ8MLFEIXZLA06PBE4V6V7CE4BM,Answer a survey about responding to the mobile phone notifications,You will answer a survey about responding to the notifications of your mobile phone in hypothetical situations.,"survey, mobile phone usage",$0.01 ,Fri Mar 02 22:21:17 PST 2018,1,BatchId:3137574;OriginalHitTemplateId:926051491;,60,86400,Fri Mar 09 22:21:17 PST 2018,,,3GU1KF0O4JK2L6LU1J3NBXKJFOFPBK,5921CC421CC465,Submitted,Fri Mar 02 22:28:36 PST 2018,Fri Mar 02 22:28:42 PST 2018,Sat Mar 03 22:28:42 PST 2018,,,,6,0% (0/0),0% (0/0),0% (0/0),"It is 5:30 PM on Friday. You are walking at the beach. You responded to (or clicked on) a notification 20 minutes ago. Now you receive a notification from our app. The notification says Can you take 10 seconds to complete this questionnaire?"" What will you do?""",17,30,5,walking,beach,20,Accept,,
3I6NF2WGIGFSWUDS7OHMQJAELIUG53,3VFQQ8MLFEIXZLA06PBE4V6V7CE4BM,Answer a survey about responding to the mobile phone notifications,You will answer a survey about responding to the notifications of your mobile phone in hypothetical situations.,"survey, mobile phone usage",$0.01 ,Fri Mar 02 22:21:17 PST 2018,1,BatchId:3137574;OriginalHitTemplateId:926051491;,60,86400,Fri Mar 09 22:21:17 PST 2018,,,3HHRAGRYX9O1CDUWOZCCVRK3HJH9OE,9C599A9299A9F8,Submitted,Fri Mar 02 22:25:52 PST 2018,Fri Mar 02 22:26:06 PST 2018,Sat Mar 03 22:26:06 PST 2018,,,,14,0% (0/0),0% (0/0),0% (0/0),"It is 12:30 PM on Sunday. You are biking at a park. You responded to (or clicked on) a notification 40 minutes ago. Now you receive a notification from our app. The notification says Can you take 10 seconds to complete this questionnaire?"" What will you do?""",12,30,0,biking,park,40,Later,,
3ICOHX7ENCUVH9V04NLM9LTBRU4E0Z,3VFQQ8MLFEIXZLA06PBE4V6V7CE4BM,Answer a survey about responding to the mobile phone notifications,You will answer a survey about responding to the notifications of your mobile phone in hypothetical situations.,"survey, mobile phone usage",$0.01 ,Fri Mar 02 22:21:17 PST 2018,1,BatchId:3137574;OriginalHitTemplateId:926051491;,60,86400,Fri Mar 09 22:21:17 PST 2018,,,3HL8HNGX46K760H3PWTM8XBPPIQF9Y,02C6F9626F9630,Submitted,Fri Mar 02 22:25:01 PST 2018,Fri Mar 02 22:25:33 PST 2018,Sat Mar 03 22:25:33 PST 2018,,,,32,0% (0/0),0% (0/0),0% (0/0),"It is 9 AM on Thursday. You're sitting (or standing) at work. You responded to (or clicked on) a notification 55 minutes ago. Now you receive a notification from our app. The notification says Can you take 10 seconds to complete this questionnaire?"" What will you do?""",9,0,4,stationary,work,55,Accept,,
3IJ95K7NDXVWMJJYBOD8K0A0C3UNG0,3VFQQ8MLFEIXZLA06PBE4V6V7CE4BM,Answer a survey about responding to the mobile phone notifications,You will answer a survey about responding to the notifications of your mobile phone in hypothetical situations.,"survey, mobile phone usage",$0.01 ,Fri Mar 02 22:21:17 PST 2018,1,BatchId:3137574;OriginalHitTemplateId:926051491;,60,86400,Fri Mar 09 22:21:17 PST 2018,,,3HMVI3QICKBVHMV3Q96HIC0MXHRY14,9C599A9299A9F8,Submitted,Fri Mar 02 22:25:15 PST 2018,Fri Mar 02 22:25:31 PST 2018,Sat Mar 03 22:25:31 PST 2018,,,,16,0% (0/0),0% (0/0),0% (0/0),"It is 1:45 PM on Tuesday. You are not moving (you could be sleeping or sitting some place). You are at a market. You responded to (or clicked on) a notification 2 hours and 30 minutes ago. Now you receive a notification from our app. The notification says Can you take 10 seconds to complete this questionnaire?"" What will you do?""",13,45,2,walking,market,150,Later,,
3INZSNUD8098LX5D8OTVWECJUMX9DD,3VFQQ8MLFEIXZLA06PBE4V6V7CE4BM,Answer a survey about responding to the mobile phone notifications,You will answer a survey about responding to the notifications of your mobile phone in hypothetical situations.,"survey, mobile phone usage",$0.01 ,Fri Mar 02 22:21:17 PST 2018,1,BatchId:3137574;OriginalHitTemplateId:926051491;,60,86400,Fri Mar 09 22:21:17 PST 2018,,,3I3WADAZ9RNIBQSKL9ZVJBF1VNY5OJ,B656AEA26AEA68,Submitted,Fri Mar 02 22:26:38 PST 2018,Fri Mar 02 22:26:52 PST 2018,Sat Mar 03 22:26:52 PST 2018,,,,14,0% (0/0),0% (0/0),0% (0/0),"It is 12:15 PM on Tuesday. You are not moving (you could be sleeping or sitting some place). You are at a restaurant. You responded to (or clicked on) a notification 4 hours ago. Now you receive a notification from our app. The notification says Can you take 10 seconds to complete this questionnaire?"" What will you do?""",12,15,2,walking,restaurant,240,Later,,
3IQ9O0AYW6I8DNUDY8ZNEBT8GY8ITO,3VFQQ8MLFEIXZLA06PBE4V6V7CE4BM,Answer a survey about responding to the mobile phone notifications,You will answer a survey about responding to the notifications of your mobile phone in hypothetical situations.,"survey, mobile phone usage",$0.01 ,Fri Mar 02 22:21:17 PST 2018,1,BatchId:3137574;OriginalHitTemplateId:926051491;,60,86400,Fri Mar 09 22:21:17 PST 2018,,,3IAEQB9FMF3LKCGFR18OYHGFB6UWDT,B656AEA26AEA68,Submitted,Fri Mar 02 22:25:05 PST 2018,Fri Mar 02 22:25:17 PST 2018,Sat Mar 03 22:25:17 PST 2018,,,,12,0% (0/0),0% (0/0),0% (0/0),"It is 8 AM on Sunday. You are walking around your work You responded to (or clicked on) a notification 3 hours and 30 minutes ago. Now you receive a notification from our app. The notification says Can you take 10 seconds to complete this questionnaire?"" What will you do?""",8,0,0,walking,work,210,Later,,
3IVEC1GSLPI3ZE2AE70DK6PD1U6J1S,3VFQQ8MLFEIXZLA06PBE4V6V7CE4BM,Answer a survey about responding to the mobile phone notifications,You will answer a survey about responding to the notifications of your mobile phone in hypothetical situations.,"survey, mobile phone usage",$0.01 ,Fri Mar 02 22:21:17 PST 2018,1,BatchId:3137574;OriginalHitTemplateId:926051491;,60,86400,Fri Mar 09 22:21:17 PST 2018,,,3IAS3U3I0GZ6TZKOZLSBFKCQ4EOB2K,B656AEA26AEA68,Submitted,Fri Mar 02 22:26:09 PST 2018,Fri Mar 02 22:26:23 PST 2018,Sat Mar 03 22:26:23 PST 2018,,,,14,0% (0/0),0% (0/0),0% (0/0),"It is 9:30 AM on Saturday. You are walking around your work You responded to (or clicked on) a notification 1 hour and 30 minutes ago. Now you receive a notification from our app. The notification says Can you take 10 seconds to complete this questionnaire?"" What will you do?""",9,30,6,walking,work,90,Later,,
3J6BHNX0U9B1O5FH1FYNIS2TJKBKN0,3VFQQ8MLFEIXZLA06PBE4V6V7CE4BM,Answer a survey about responding to the mobile phone notifications,You will answer a survey about responding to the notifications of your mobile phone in hypothetical situations.,"survey, mobile phone usage",$0.01 ,Fri Mar 02 22:21:18 PST 2018,1,BatchId:3137574;OriginalHitTemplateId:926051491;,60,86400,Fri Mar 09 22:21:18 PST 2018,,,3IHR8NYAM8KI070LM4T03JED5WZ4PU,5573EB823EB847,Submitted,Fri Mar 02 22:23:45 PST 2018,Fri Mar 02 22:23:56 PST 2018,Sat Mar 03 22:23:56 PST 2018,,,,11,0% (0/0),0% (0/0),0% (0/0),"It is 7 PM on Sunday. You're sitting (or standing) at work. You responded to (or clicked on) a notification 35 minutes ago. Now you receive a notification from our app. The notification says Can you take 10 seconds to complete this questionnaire?"" What will you do?""",19,0,0,stationary,work,35,Later,,
3J9UN9O9J3B3SPHSIOWD6163W20J0P,3VFQQ8MLFEIXZLA06PBE4V6V7CE4BM,Answer a survey about responding to the mobile phone notifications,You will answer a survey about responding to the notifications of your mobile phone in hypothetical situations.,"survey, mobile phone usage",$0.01 ,Fri Mar 02 22:21:18 PST 2018,1,BatchId:3137574;OriginalHitTemplateId:926051491;,60,86400,Fri Mar 09 22:21:18 PST 2018,,,3ITXP059PX25GHZYHSKY4Q87ADVJSF,4.9706E+13,Submitted,Fri Mar 02 22:28:41 PST 2018,Fri Mar 02 22:29:13 PST 2018,Sat Mar 03 22:29:13 PST 2018,,,,32,0% (0/0),0% (0/0),0% (0/0),"It is 2:30 PM on Thursday. You are not moving (you could be sleeping or sitting some place). You are at home. You responded to (or clicked on) a notification 55 minutes ago. Now you receive a notification from our app. The notification says Can you take 10 seconds to complete this questionnaire?"" What will you do?""",14,30,4,walking,home,55,Accept,,
3JHB4BPSFKS2A69IDAZFWDJID1MQ9Z,3VFQQ8MLFEIXZLA06PBE4V6V7CE4BM,Answer a survey about responding to the mobile phone notifications,You will answer a survey about responding to the notifications of your mobile phone in hypothetical situations.,"survey, mobile phone usage",$0.01 ,Fri Mar 02 22:21:18 PST 2018,1,BatchId:3137574;OriginalHitTemplateId:926051491;,60,86400,Fri Mar 09 22:21:18 PST 2018,,,3JCG6DTRV49APOOYKEF26R5S6K2QQO,72AE87E2E87E9B,Submitted,Fri Mar 02 22:27:20 PST 2018,Fri Mar 02 22:27:40 PST 2018,Sat Mar 03 22:27:40 PST 2018,,,,20,0% (0/0),0% (0/0),0% (0/0),"It is 9:15 AM on Tuesday. You are walking around your work You responded to (or clicked on) a notification 25 minutes ago. Now you receive a notification from our app. The notification says Can you take 10 seconds to complete this questionnaire?"" What will you do?""",9,15,2,walking,work,25,Later,,
3JMQI2OLFZOTAZ979YC0EF73ZBENDQ,3VFQQ8MLFEIXZLA06PBE4V6V7CE4BM,Answer a survey about responding to the mobile phone notifications,You will answer a survey about responding to the notifications of your mobile phone in hypothetical situations.,"survey, mobile phone usage",$0.01 ,Fri Mar 02 22:21:18 PST 2018,1,BatchId:3137574;OriginalHitTemplateId:926051491;,60,86400,Fri Mar 09 22:21:18 PST 2018,,,3JMSRU9HQJDDXTUAXMECIXFM49TVEB,72AE87E2E87E9B,Submitted,Fri Mar 02 22:24:55 PST 2018,Fri Mar 02 22:25:22 PST 2018,Sat Mar 03 22:25:22 PST 2018,,,,27,0% (0/0),0% (0/0),0% (0/0),"It is 8:30 PM on Friday. You are running at a park. You responded to (or clicked on) a notification 55 minutes ago. Now you receive a notification from our app. The notification says Can you take 10 seconds to complete this questionnaire?"" What will you do?""",20,30,5,running,park,55,Later,,
3K3G488TR2RJ9J76AKMYKXEGR53Q58,3VFQQ8MLFEIXZLA06PBE4V6V7CE4BM,Answer a survey about responding to the mobile phone notifications,You will answer a survey about responding to the notifications of your mobile phone in hypothetical situations.,"survey, mobile phone usage",$0.01 ,Fri Mar 02 22:21:18 PST 2018,1,BatchId:3137574;OriginalHitTemplateId:926051491;,60,86400,Fri Mar 09 22:21:18 PST 2018,,,3JRJSWSMQI4TLKSRDC86Z2N3DP1E3Y,72AE87E2E87E9B,Submitted,Fri Mar 02 22:27:41 PST 2018,Fri Mar 02 22:27:50 PST 2018,Sat Mar 03 22:27:50 PST 2018,,,,9,0% (0/0),0% (0/0),0% (0/0),"It is 12 PM on Saturday. You are walking at a park. You responded to (or clicked on) a notification 1 hour and 15 minutes ago. Now you receive a notification from our app. The notification says Can you take 10 seconds to complete this questionnaire?"" What will you do?""",12,0,6,walking,park,75,Accept,,
3L1EFR8WWTO5JHJ9ZUOLKEF46ZD9FO,3VFQQ8MLFEIXZLA06PBE4V6V7CE4BM,Answer a survey about responding to the mobile phone notifications,You will answer a survey about responding to the notifications of your mobile phone in hypothetical situations.,"survey, mobile phone usage",$0.01 ,Fri Mar 02 22:21:18 PST 2018,1,BatchId:3137574;OriginalHitTemplateId:926051491;,60,86400,Fri Mar 09 22:21:18 PST 2018,,,3JZQSN0I3RTMLA4B32ZW0EXCTVLGFQ,9EF4D6D24D6DDD,Submitted,Fri Mar 02 22:25:35 PST 2018,Fri Mar 02 22:25:48 PST 2018,Sat Mar 03 22:25:48 PST 2018,,,,13,0% (0/0),0% (0/0),0% (0/0),"It is 6:45 PM on Friday. You are biking at a gym. You responded to (or clicked on) a notification 40 minutes ago. Now you receive a notification from our app. The notification says Can you take 10 seconds to complete this questionnaire?"" What will you do?""",18,45,5,biking,gym,40,Later,,
3M0556243S3Q8JN3047Q2FAOBOUNF1,3VFQQ8MLFEIXZLA06PBE4V6V7CE4BM,Answer a survey about responding to the mobile phone notifications,You will answer a survey about responding to the notifications of your mobile phone in hypothetical situations.,"survey, mobile phone usage",$0.01 ,Fri Mar 02 22:21:18 PST 2018,1,BatchId:3137574;OriginalHitTemplateId:926051491;,60,86400,Fri Mar 09 22:21:18 PST 2018,,,3K772S5NP9U8FSZQSXX83WODWUJHE8,72AE87E2E87E9B,Submitted,Fri Mar 02 22:28:25 PST 2018,Fri Mar 02 22:28:40 PST 2018,Sat Mar 03 22:28:40 PST 2018,,,,15,0% (0/0),0% (0/0),0% (0/0),"It is 2:30 PM on Monday. You're sitting (or standing) at market. You responded to (or clicked on) a notification 1 hour and 45 minutes ago. Now you receive a notification from our app. The notification says Can you take 10 seconds to complete this questionnaire?"" What will you do?""",14,30,1,stationary,market,105,Later,,
3M67TQBQQH7ANQ21OE2T6D4D9J09AB,3VFQQ8MLFEIXZLA06PBE4V6V7CE4BM,Answer a survey about responding to the mobile phone notifications,You will answer a survey about responding to the notifications of your mobile phone in hypothetical situations.,"survey, mobile phone usage",$0.01 ,Fri Mar 02 22:21:18 PST 2018,1,BatchId:3137574;OriginalHitTemplateId:926051491;,60,86400,Fri Mar 09 22:21:18 PST 2018,,,3KB8R4ZV1FQW8TSVY0D0HO6REXTGB8,1D71CFB21CFB3A,Submitted,Fri Mar 02 22:24:04 PST 2018,Fri Mar 02 22:24:22 PST 2018,Sat Mar 03 22:24:22 PST 2018,,,,18,0% (0/0),0% (0/0),0% (0/0),"It is 7:30 PM on Wednesday. You are walking around your work You responded to (or clicked on) a notification 3 minutes ago. Now you receive a notification from our app. The notification says Can you take 10 seconds to complete this questionnaire?"" What will you do?""",19,30,3,walking,work,3,Dismiss,,
3MA5N0ATTCURBZOVTGPAEBFKCWFKWR,3VFQQ8MLFEIXZLA06PBE4V6V7CE4BM,Answer a survey about responding to the mobile phone notifications,You will answer a survey about responding to the notifications of your mobile phone in hypothetical situations.,"survey, mobile phone usage",$0.01 ,Fri Mar 02 22:21:18 PST 2018,1,BatchId:3137574;OriginalHitTemplateId:926051491;,60,86400,Fri Mar 09 22:21:18 PST 2018,,,3KIBXJ1WD6DLT9DNSW31L0YJSDTOKN,72AE87E2E87E9B,Submitted,Fri Mar 02 22:24:25 PST 2018,Fri Mar 02 22:24:54 PST 2018,Sat Mar 03 22:24:54 PST 2018,,,,29,0% (0/0),0% (0/0),0% (0/0),"It is 8 PM on Saturday. You are taking a bus to some place. You responded to (or clicked on) a notification more than 5 hours ago. Now you receive a notification from our app. The notification says Can you take 10 seconds to complete this questionnaire?"" What will you do?""",20,0,6,bus,others,9999,Accept,,
3MDWE879UHLF607TUS2P1OOJR1L9B6,3VFQQ8MLFEIXZLA06PBE4V6V7CE4BM,Answer a survey about responding to the mobile phone notifications,You will answer a survey about responding to the notifications of your mobile phone in hypothetical situations.,"survey, mobile phone usage",$0.01 ,Fri Mar 02 22:21:18 PST 2018,1,BatchId:3137574;OriginalHitTemplateId:926051491;,60,86400,Fri Mar 09 22:21:18 PST 2018,,,3KOPY89HM9L1W0EJRDJXWI0VIXX3J8,9EF4D6D24D6DDD,Submitted,Fri Mar 02 22:26:59 PST 2018,Fri Mar 02 22:27:44 PST 2018,Sat Mar 03 22:27:44 PST 2018,,,,45,0% (0/0),0% (0/0),0% (0/0),"It is 4:45 PM on Monday. You are walking at a gym. You responded to (or clicked on) a notification 30 minutes ago. Now you receive a notification from our app. The notification says Can you take 10 seconds to complete this questionnaire?"" What will you do?""",16,45,1,walking,gym,30,Accept,,
3MIVREZQVHHMR2S9H7Q4MMXYOVYKQN,3VFQQ8MLFEIXZLA06PBE4V6V7CE4BM,Answer a survey about responding to the mobile phone notifications,You will answer a survey about responding to the notifications of your mobile phone in hypothetical situations.,"survey, mobile phone usage",$0.01 ,Fri Mar 02 22:21:18 PST 2018,1,BatchId:3137574;OriginalHitTemplateId:926051491;,60,86400,Fri Mar 09 22:21:18 PST 2018,,,3L4PIM1GQUZJARUKO3LWO3IZ1FLYR0,39FD84B2D84B64,Submitted,Fri Mar 02 22:22:02 PST 2018,Fri Mar 02 22:22:56 PST 2018,Sat Mar 03 22:22:56 PST 2018,,,,54,0% (0/0),0% (0/0),0% (0/0),"It is 8:30 AM on Monday. You are not moving (you could be sleeping or sitting some place). You are at your work. You responded to (or clicked on) a notification 1 hour ago. Now you receive a notification from our app. The notification says Can you take 10 seconds to complete this questionnaire?"" What will you do?""",8,30,1,walking,work,60,Later,,
3MVY4USGB667YNHY98UX46XMEFUISZ,3VFQQ8MLFEIXZLA06PBE4V6V7CE4BM,Answer a survey about responding to the mobile phone notifications,You will answer a survey about responding to the notifications of your mobile phone in hypothetical situations.,"survey, mobile phone usage",$0.01 ,Fri Mar 02 22:21:18 PST 2018,1,BatchId:3137574;OriginalHitTemplateId:926051491;,60,86400,Fri Mar 09 22:21:18 PST 2018,,,3LEP4MGT3HJTW9I4WACSB33U15DBDT,5921CC421CC465,Submitted,Fri Mar 02 22:27:53 PST 2018,Fri Mar 02 22:28:05 PST 2018,Sat Mar 03 22:28:05 PST 2018,,,,12,0% (0/0),0% (0/0),0% (0/0),"It is 9:30 AM on Saturday. You are walking around your home You responded to (or clicked on) a notification 10 minutes ago. Now you receive a notification from our app. The notification says Can you take 10 seconds to complete this questionnaire?"" What will you do?""",9,30,6,walking,home,10,Accept,,
3MYASTQBG7UEDWMZPQ4HI9284M1QDG,3VFQQ8MLFEIXZLA06PBE4V6V7CE4BM,Answer a survey about responding to the mobile phone notifications,You will answer a survey about responding to the notifications of your mobile phone in hypothetical situations.,"survey, mobile phone usage",$0.01 ,Fri Mar 02 22:21:18 PST 2018,1,BatchId:3137574;OriginalHitTemplateId:926051491;,60,86400,Fri Mar 09 22:21:18 PST 2018,,,3LKC68YZ3BMCO974HAM49BSEFK1WOQ,B656AEA26AEA68,Submitted,Fri Mar 02 22:28:37 PST 2018,Fri Mar 02 22:29:16 PST 2018,Sat Mar 03 22:29:16 PST 2018,,,,39,0% (0/0),0% (0/0),0% (0/0),"It is 3:15 PM on Thursday. You are walking around your work You responded to (or clicked on) a notification 25 minutes ago. Now you receive a notification from our app. The notification says Can you take 10 seconds to complete this questionnaire?"" What will you do?""",15,15,4,walking,work,25,Later,,
3MZ3TAMYTL6VX8HLUJUSEWSQSDBIRB,3VFQQ8MLFEIXZLA06PBE4V6V7CE4BM,Answer a survey about responding to the mobile phone notifications,You will answer a survey about responding to the notifications of your mobile phone in hypothetical situations.,"survey, mobile phone usage",$0.01 ,Fri Mar 02 22:21:18 PST 2018,1,BatchId:3137574;OriginalHitTemplateId:926051491;,60,86400,Fri Mar 09 22:21:18 PST 2018,,,3LKC68YZ3BMCO974HAM49BSEFK2OWJ,B656AEA26AEA68,Submitted,Fri Mar 02 22:25:55 PST 2018,Fri Mar 02 22:26:08 PST 2018,Sat Mar 03 22:26:08 PST 2018,,,,13,0% (0/0),0% (0/0),0% (0/0),"It is 7:15 PM on Monday. You are not moving (you could be sleeping or sitting some place). You are at your friend's place. You responded to (or clicked on) a notification 3 minutes ago. Now you receive a notification from our app. The notification says Can you take 10 seconds to complete this questionnaire?"" What will you do?""",19,15,1,walking,friend-house,3,Later,,
3N7PQ0KLI58RY1UXNA35BJRIU6OE3U,3VFQQ8MLFEIXZLA06PBE4V6V7CE4BM,Answer a survey about responding to the mobile phone notifications,You will answer a survey about responding to the notifications of your mobile phone in hypothetical situations.,"survey, mobile phone usage",$0.01 ,Fri Mar 02 22:21:18 PST 2018,1,BatchId:3137574;OriginalHitTemplateId:926051491;,60,86400,Fri Mar 09 22:21:18 PST 2018,,,3MMN5BL1W0NRX8K4UAWPCASCMRS3MC,B656AEA26AEA68,Submitted,Fri Mar 02 22:27:18 PST 2018,Fri Mar 02 22:28:16 PST 2018,Sat Mar 03 22:28:16 PST 2018,,,,58,0% (0/0),0% (0/0),0% (0/0),"It is 1 PM on Sunday. You are taking a train to some place. You responded to (or clicked on) a notification 1 hour and 15 minutes ago. Now you receive a notification from our app. The notification says Can you take 10 seconds to complete this questionnaire?"" What will you do?""",13,0,0,train,others,75,Accept,,
3O0M2G5VC6LVL1MKFDS2TAIDH94940,3VFQQ8MLFEIXZLA06PBE4V6V7CE4BM,Answer a survey about responding to the mobile phone notifications,You will answer a survey about responding to the notifications of your mobile phone in hypothetical situations.,"survey, mobile phone usage",$0.01 ,Fri Mar 02 22:21:18 PST 2018,1,BatchId:3137574;OriginalHitTemplateId:926051491;,60,86400,Fri Mar 09 22:21:18 PST 2018,,,3MMN5BL1W0NRX8K4UAWPCASCMRSM3V,B656AEA26AEA68,Submitted,Fri Mar 02 22:28:35 PST 2018,Fri Mar 02 22:29:06 PST 2018,Sat Mar 03 22:29:06 PST 2018,,,,31,0% (0/0),0% (0/0),0% (0/0),"It is 12 PM on Saturday. You are not moving (you could be sleeping or sitting some place). You are at your friend's place. You responded to (or clicked on) a notification more than 5 hours ago. Now you receive a notification from our app. The notification says Can you take 10 seconds to complete this questionnaire?"" What will you do?""",12,0,6,walking,friend-house,9999,Accept,,
3OKP4QVBP2GP20P92K83YUQ0DWVGA9,3VFQQ8MLFEIXZLA06PBE4V6V7CE4BM,Answer a survey about responding to the mobile phone notifications,You will answer a survey about responding to the notifications of your mobile phone in hypothetical situations.,"survey, mobile phone usage",$0.01 ,Fri Mar 02 22:21:18 PST 2018,1,BatchId:3137574;OriginalHitTemplateId:926051491;,60,86400,Fri Mar 09 22:21:18 PST 2018,,,3MYYFCXHJ4QCNU7MJL3D9A0L45C4GQ,9C599A9299A9F8,Submitted,Fri Mar 02 22:27:12 PST 2018,Fri Mar 02 22:27:32 PST 2018,Sat Mar 03 22:27:32 PST 2018,,,,20,0% (0/0),0% (0/0),0% (0/0),"It is 6:45 PM on Friday. You're sitting (or standing) at market. You responded to (or clicked on) a notification 4 hours ago. Now you receive a notification from our app. The notification says Can you take 10 seconds to complete this questionnaire?"" What will you do?""",18,45,5,stationary,market,240,Later,,
3OLZC0DJ8JYNQFY233Z2FTHTDJOIV4,3VFQQ8MLFEIXZLA06PBE4V6V7CE4BM,Answer a survey about responding to the mobile phone notifications,You will answer a survey about responding to the notifications of your mobile phone in hypothetical situations.,"survey, mobile phone usage",$0.01 ,Fri Mar 02 22:21:18 PST 2018,1,BatchId:3137574;OriginalHitTemplateId:926051491;,60,86400,Fri Mar 09 22:21:18 PST 2018,,,3N2BF7Y2VRD6RGR39VLRG4TM5WAMH2,18D70B9270B912,Submitted,Fri Mar 02 22:23:08 PST 2018,Fri Mar 02 22:23:41 PST 2018,Sat Mar 03 22:23:41 PST 2018,,,,33,0% (0/0),0% (0/0),0% (0/0),"It is 3:45 PM on Saturday. You are not moving (you could be sleeping or sitting some place). You are at your work. You responded to (or clicked on) a notification 3 hours and 30 minutes ago. Now you receive a notification from our app. The notification says Can you take 10 seconds to complete this questionnaire?"" What will you do?""",15,45,6,walking,work,210,Accept,,
3OREP8RUT2UULAU18Y8ZT5A6VEGBGZ,3VFQQ8MLFEIXZLA06PBE4V6V7CE4BM,Answer a survey about responding to the mobile phone notifications,You will answer a survey about responding to the notifications of your mobile phone in hypothetical situations.,"survey, mobile phone usage",$0.01 ,Fri Mar 02 22:21:18 PST 2018,1,BatchId:3137574;OriginalHitTemplateId:926051491;,60,86400,Fri Mar 09 22:21:18 PST 2018,,,3NJM2BJS4XPLVBD0FJZIMHQ1X9GCPF,B656AEA26AEA68,Submitted,Fri Mar 02 22:23:14 PST 2018,Fri Mar 02 22:23:26 PST 2018,Sat Mar 03 22:23:26 PST 2018,,,,12,0% (0/0),0% (0/0),0% (0/0),"It is 8 PM on Thursday. You are walking around your home You responded to (or clicked on) a notification 1 hour ago. Now you receive a notification from our app. The notification says Can you take 10 seconds to complete this questionnaire?"" What will you do?""",20,0,4,walking,home,60,Accept,,
3OREP8RUT2UULAU18Y8ZT5A6VEGGB4,3VFQQ8MLFEIXZLA06PBE4V6V7CE4BM,Answer a survey about responding to the mobile phone notifications,You will answer a survey about responding to the notifications of your mobile phone in hypothetical situations.,"survey, mobile phone usage",$0.01 ,Fri Mar 02 22:21:18 PST 2018,1,BatchId:3137574;OriginalHitTemplateId:926051491;,60,86400,Fri Mar 09 22:21:18 PST 2018,,,3NL0RFNU0G6HPG359COS72SEBMT4KT,9C599A9299A9F8,Submitted,Fri Mar 02 22:26:07 PST 2018,Fri Mar 02 22:26:19 PST 2018,Sat Mar 03 22:26:19 PST 2018,,,,12,0% (0/0),0% (0/0),0% (0/0),"It is 11 AM on Monday. You are walking around your friend's place You responded to (or clicked on) a notification 2 hours ago. Now you receive a notification from our app. The notification says Can you take 10 seconds to complete this questionnaire?"" What will you do?""",11,0,1,walking,friend-house,120,Accept,,
3OYHVNTV5THJ6QFT2UY0XH2Y9UGKOF,3VFQQ8MLFEIXZLA06PBE4V6V7CE4BM,Answer a survey about responding to the mobile phone notifications,You will answer a survey about responding to the notifications of your mobile phone in hypothetical situations.,"survey, mobile phone usage",$0.01 ,Fri Mar 02 22:21:18 PST 2018,1,BatchId:3137574;OriginalHitTemplateId:926051491;,60,86400,Fri Mar 09 22:21:18 PST 2018,,,3OHYZ19UGDOFHW41G5QCRMVNN1ZAOU,B656AEA26AEA68,Submitted,Fri Mar 02 22:28:38 PST 2018,Fri Mar 02 22:29:23 PST 2018,Sat Mar 03 22:29:23 PST 2018,,,,45,0% (0/0),0% (0/0),0% (0/0),"It is 6 PM on Thursday. You are driving to some place. You responded to (or clicked on) a notification 35 minutes ago. Now you receive a notification from our app. The notification says Can you take 10 seconds to complete this questionnaire?"" What will you do?""",18,0,4,driving,others,35,Later,,
3PEG1BH7AEAZNWQKYPTERX2Z2VXBK2,3VFQQ8MLFEIXZLA06PBE4V6V7CE4BM,Answer a survey about responding to the mobile phone notifications,You will answer a survey about responding to the notifications of your mobile phone in hypothetical situations.,"survey, mobile phone usage",$0.01 ,Fri Mar 02 22:21:18 PST 2018,1,BatchId:3137574;OriginalHitTemplateId:926051491;,60,86400,Fri Mar 09 22:21:18 PST 2018,,,3ON104KXQLF8KGXMYQ7VVDM9YT24WP,B656AEA26AEA68,Submitted,Fri Mar 02 22:27:17 PST 2018,Fri Mar 02 22:28:11 PST 2018,Sat Mar 03 22:28:11 PST 2018,,,,54,0% (0/0),0% (0/0),0% (0/0),"It is 10:45 AM on Sunday. You are taking a bus to some place. You responded to (or clicked on) a notification 1 minute ago. Now you receive a notification from our app. The notification says Can you take 10 seconds to complete this questionnaire?"" What will you do?""",10,45,0,bus,others,1,Later,,
3PGQRAZX023TONW3DQG0QURA4YSSYF,3VFQQ8MLFEIXZLA06PBE4V6V7CE4BM,Answer a survey about responding to the mobile phone notifications,You will answer a survey about responding to the notifications of your mobile phone in hypothetical situations.,"survey, mobile phone usage",$0.01 ,Fri Mar 02 22:21:18 PST 2018,1,BatchId:3137574;OriginalHitTemplateId:926051491;,60,86400,Fri Mar 09 22:21:18 PST 2018,,,3PDJHANYK6Z42D6BMFEAR8W0FWV6HC,9EF4D6D24D6DDD,Submitted,Fri Mar 02 22:27:45 PST 2018,Fri Mar 02 22:27:53 PST 2018,Sat Mar 03 22:27:53 PST 2018,,,,8,0% (0/0),0% (0/0),0% (0/0),"It is 3 PM on Friday. You are running at a park. You responded to (or clicked on) a notification 30 minutes ago. Now you receive a notification from our app. The notification says Can you take 10 seconds to complete this questionnaire?"" What will you do?""",15,0,5,running,park,30,Later,,
3PUV2Q8SV4NR9QKA687RNK79IM0BDP,3VFQQ8MLFEIXZLA06PBE4V6V7CE4BM,Answer a survey about responding to the mobile phone notifications,You will answer a survey about responding to the notifications of your mobile phone in hypothetical situations.,"survey, mobile phone usage",$0.01 ,Fri Mar 02 22:21:18 PST 2018,1,BatchId:3137574;OriginalHitTemplateId:926051491;,60,86400,Fri Mar 09 22:21:18 PST 2018,,,3Q5C1WP23NKXFYLJF71K7F2T2CO15S,B656AEA26AEA68,Submitted,Fri Mar 02 22:25:42 PST 2018,Fri Mar 02 22:25:55 PST 2018,Sat Mar 03 22:25:55 PST 2018,,,,13,0% (0/0),0% (0/0),0% (0/0),"It is 4:15 PM on Wednesday. You are not moving (you could be sleeping or sitting some place). You are at a movie theater. You responded to (or clicked on) a notification 40 minutes ago. Now you receive a notification from our app. The notification says Can you take 10 seconds to complete this questionnaire?"" What will you do?""",16,15,3,walking,movie-theater,40,Later,,
3QE4DGPGBRUA0B9STJYCLR40LMZG4Y,3VFQQ8MLFEIXZLA06PBE4V6V7CE4BM,Answer a survey about responding to the mobile phone notifications,You will answer a survey about responding to the notifications of your mobile phone in hypothetical situations.,"survey, mobile phone usage",$0.01 ,Fri Mar 02 22:21:18 PST 2018,1,BatchId:3137574;OriginalHitTemplateId:926051491;,60,86400,Fri Mar 09 22:21:18 PST 2018,,,3QAPZX2QN5W59CHE15VMV3G7DAR20P,B656AEA26AEA68,Submitted,Fri Mar 02 22:27:15 PST 2018,Fri Mar 02 22:28:00 PST 2018,Sat Mar 03 22:28:00 PST 2018,,,,45,0% (0/0),0% (0/0),0% (0/0),"It is 8:15 PM on Tuesday. You are walking around a shopping mall You responded to (or clicked on) a notification 5 minutes ago. Now you receive a notification from our app. The notification says Can you take 10 seconds to complete this questionnaire?"" What will you do?""",20,15,2,walking,mall,5,Accept,,
3QHITW7OYOSGFPJN5GDFS8U2JJ4QAE,3VFQQ8MLFEIXZLA06PBE4V6V7CE4BM,Answer a survey about responding to the mobile phone notifications,You will answer a survey about responding to the notifications of your mobile phone in hypothetical situations.,"survey, mobile phone usage",$0.01 ,Fri Mar 02 22:21:18 PST 2018,1,BatchId:3137574;OriginalHitTemplateId:926051491;,60,86400,Fri Mar 09 22:21:18 PST 2018,,,3QBD8R3Z2220F7OK74GLEJ9NVR24OC,9C599A9299A9F8,Submitted,Fri Mar 02 22:26:21 PST 2018,Fri Mar 02 22:26:36 PST 2018,Sat Mar 03 22:26:36 PST 2018,,,,15,0% (0/0),0% (0/0),0% (0/0),"It is 3 PM on Saturday. You are taking a bus to some place. You responded to (or clicked on) a notification 4 minutes ago. Now you receive a notification from our app. The notification says Can you take 10 seconds to complete this questionnaire?"" What will you do?""",15,0,6,bus,others,4,Accept,,
3QO7EE372O6LYZOFBUDBNJE811PQB9,3VFQQ8MLFEIXZLA06PBE4V6V7CE4BM,Answer a survey about responding to the mobile phone notifications,You will answer a survey about responding to the notifications of your mobile phone in hypothetical situations.,"survey, mobile phone usage",$0.01 ,Fri Mar 02 22:21:18 PST 2018,1,BatchId:3137574;OriginalHitTemplateId:926051491;,60,86400,Fri Mar 09 22:21:18 PST 2018,,,3QBD8R3Z2220F7OK74GLEJ9NVR34OD,B656AEA26AEA68,Submitted,Fri Mar 02 22:26:52 PST 2018,Fri Mar 02 22:27:12 PST 2018,Sat Mar 03 22:27:12 PST 2018,,,,20,0% (0/0),0% (0/0),0% (0/0),"It is 4:15 PM on Wednesday. You are not moving (you could be sleeping or sitting some place). You are at a restaurant. You responded to (or clicked on) a notification 25 minutes ago. Now you receive a notification from our app. The notification says Can you take 10 seconds to complete this questionnaire?"" What will you do?""",16,15,3,walking,restaurant,25,Later,,
3QREJ3J433GB05CWP2I850Y4EPBKLY,3VFQQ8MLFEIXZLA06PBE4V6V7CE4BM,Answer a survey about responding to the mobile phone notifications,You will answer a survey about responding to the notifications of your mobile phone in hypothetical situations.,"survey, mobile phone usage",$0.01 ,Fri Mar 02 22:21:18 PST 2018,1,BatchId:3137574;OriginalHitTemplateId:926051491;,60,86400,Fri Mar 09 22:21:18 PST 2018,,,3QEMNNSB2YI6UXFEJT0C61HYIFLD78,1D71CFB21CFB3A,Submitted,Fri Mar 02 22:24:27 PST 2018,Fri Mar 02 22:24:38 PST 2018,Sat Mar 03 22:24:38 PST 2018,,,,11,0% (0/0),0% (0/0),0% (0/0),"It is 7 PM on Tuesday. You are driving to some place. You responded to (or clicked on) a notification 1 minute ago. Now you receive a notification from our app. The notification says Can you take 10 seconds to complete this questionnaire?"" What will you do?""",19,0,2,driving,others,1,Dismiss,,
3RDTX9JRTYKS4O43HBQ9WM2N8BU97K,3VFQQ8MLFEIXZLA06PBE4V6V7CE4BM,Answer a survey about responding to the mobile phone notifications,You will answer a survey about responding to the notifications of your mobile phone in hypothetical situations.,"survey, mobile phone usage",$0.01 ,Fri Mar 02 22:21:18 PST 2018,1,BatchId:3137574;OriginalHitTemplateId:926051491;,60,86400,Fri Mar 09 22:21:18 PST 2018,,,3QJOXOW4XKAU7601JUDLV1W9DGIMEM,B656AEA26AEA68,Submitted,Fri Mar 02 22:25:18 PST 2018,Fri Mar 02 22:25:28 PST 2018,Sat Mar 03 22:25:28 PST 2018,,,,10,0% (0/0),0% (0/0),0% (0/0),"It is 6:15 PM on Sunday. You are walking around a shopping mall You responded to (or clicked on) a notification 3 hours ago. Now you receive a notification from our app. The notification says Can you take 10 seconds to complete this questionnaire?"" What will you do?""",18,15,0,walking,mall,180,Accept,,
3RKHNXPHGWFEJVZQYGA9WNUNRG4KUS,3VFQQ8MLFEIXZLA06PBE4V6V7CE4BM,Answer a survey about responding to the mobile phone notifications,You will answer a survey about responding to the notifications of your mobile phone in hypothetical situations.,"survey, mobile phone usage",$0.01 ,Fri Mar 02 22:21:18 PST 2018,1,BatchId:3137574;OriginalHitTemplateId:926051491;,60,86400,Fri Mar 09 22:21:18 PST 2018,,,3QY7M81QH85E83LOBAMZAECO2OJ7KG,5573EB823EB847,Submitted,Fri Mar 02 22:23:12 PST 2018,Fri Mar 02 22:23:21 PST 2018,Sat Mar 03 22:23:21 PST 2018,,,,9,0% (0/0),0% (0/0),0% (0/0),"It is 9:45 PM on Tuesday. You are walking around a shopping mall You responded to (or clicked on) a notification 2 minutes ago. Now you receive a notification from our app. The notification says Can you take 10 seconds to complete this questionnaire?"" What will you do?""",21,45,2,walking,mall,2,Dismiss,,
3S829FDFT2KYMTNBB4Z9CHY11PODX0,3VFQQ8MLFEIXZLA06PBE4V6V7CE4BM,Answer a survey about responding to the mobile phone notifications,You will answer a survey about responding to the notifications of your mobile phone in hypothetical situations.,"survey, mobile phone usage",$0.01 ,Fri Mar 02 22:21:18 PST 2018,1,BatchId:3137574;OriginalHitTemplateId:926051491;,60,86400,Fri Mar 09 22:21:18 PST 2018,,,3R0T90IZ1TVFIYK1C09VS8C9WITGCF,9EF4D6D24D6DDD,Submitted,Fri Mar 02 22:28:42 PST 2018,Fri Mar 02 22:28:47 PST 2018,Sat Mar 03 22:28:47 PST 2018,,,,5,0% (0/0),0% (0/0),0% (0/0),"It is 11:30 AM on Saturday. You're sitting (or standing) at work. You responded to (or clicked on) a notification 50 minutes ago. Now you receive a notification from our app. The notification says Can you take 10 seconds to complete this questionnaire?"" What will you do?""",11,30,6,stationary,work,50,Dismiss,,
3S8APUMBJX2O7AY6XE2HBKAUUZGBF0,3VFQQ8MLFEIXZLA06PBE4V6V7CE4BM,Answer a survey about responding to the mobile phone notifications,You will answer a survey about responding to the notifications of your mobile phone in hypothetical situations.,"survey, mobile phone usage",$0.01 ,Fri Mar 02 22:21:18 PST 2018,1,BatchId:3137574;OriginalHitTemplateId:926051491;,60,86400,Fri Mar 09 22:21:18 PST 2018,,,3S06PH7KSSNSJB0CUDJ35RQLFTM1D0,72AE87E2E87E9B,Submitted,Fri Mar 02 22:27:03 PST 2018,Fri Mar 02 22:27:20 PST 2018,Sat Mar 03 22:27:20 PST 2018,,,,17,0% (0/0),0% (0/0),0% (0/0),"It is 7:45 PM on Tuesday. You're sitting (or standing) at market. You responded to (or clicked on) a notification 45 minutes ago. Now you receive a notification from our app. The notification says Can you take 10 seconds to complete this questionnaire?"" What will you do?""",19,45,2,stationary,market,45,Later,,
3SBNLSTU6UONRONQCMNU92EC9PMDZX,3VFQQ8MLFEIXZLA06PBE4V6V7CE4BM,Answer a survey about responding to the mobile phone notifications,You will answer a survey about responding to the notifications of your mobile phone in hypothetical situations.,"survey, mobile phone usage",$0.01 ,Fri Mar 02 22:21:18 PST 2018,1,BatchId:3137574;OriginalHitTemplateId:926051491;,60,86400,Fri Mar 09 22:21:18 PST 2018,,,3S96KQ6I9NNTSVCLWW3DBX9G7CDDTL,9EF4D6D24D6DDD,Submitted,Fri Mar 02 22:28:31 PST 2018,Fri Mar 02 22:28:41 PST 2018,Sat Mar 03 22:28:41 PST 2018,,,,10,0% (0/0),0% (0/0),0% (0/0),"It is 5:30 PM on Sunday. You are walking around a shopping mall You responded to (or clicked on) a notification 2 minutes ago. Now you receive a notification from our app. The notification says Can you take 10 seconds to complete this questionnaire?"" What will you do?""",17,30,0,walking,mall,2,Dismiss,,
3T2HW4QDUVQYG5ZZ8SYKC8U19ML9CD,3VFQQ8MLFEIXZLA06PBE4V6V7CE4BM,Answer a survey about responding to the mobile phone notifications,You will answer a survey about responding to the notifications of your mobile phone in hypothetical situations.,"survey, mobile phone usage",$0.01 ,Fri Mar 02 22:21:18 PST 2018,1,BatchId:3137574;OriginalHitTemplateId:926051491;,60,86400,Fri Mar 09 22:21:18 PST 2018,,,3SLE99ER0OWWZAN0OS1P2VMXPNMBZR,72AE87E2E87E9B,Submitted,Fri Mar 02 22:26:42 PST 2018,Fri Mar 02 22:27:02 PST 2018,Sat Mar 03 22:27:02 PST 2018,,,,20,0% (0/0),0% (0/0),0% (0/0),"It is 7 PM on Sunday. You are taking a train to some place. You responded to (or clicked on) a notification 2 hours and 30 minutes ago. Now you receive a notification from our app. The notification says Can you take 10 seconds to complete this questionnaire?"" What will you do?""",19,0,0,train,others,150,Accept,,
3TCFMTM8HE73TI427MULLP3WZJK12N,3VFQQ8MLFEIXZLA06PBE4V6V7CE4BM,Answer a survey about responding to the mobile phone notifications,You will answer a survey about responding to the notifications of your mobile phone in hypothetical situations.,"survey, mobile phone usage",$0.01 ,Fri Mar 02 22:21:18 PST 2018,1,BatchId:3137574;OriginalHitTemplateId:926051491;,60,86400,Fri Mar 09 22:21:18 PST 2018,,,3TS1AR6UQRX3SHTAAZV2U1KJUS27FE,72AE87E2E87E9B,Submitted,Fri Mar 02 22:23:58 PST 2018,Fri Mar 02 22:24:24 PST 2018,Sat Mar 03 22:24:24 PST 2018,,,,26,0% (0/0),0% (0/0),0% (0/0),"It is 8:30 PM on Tuesday. You are walking around your friend's place You responded to (or clicked on) a notification 45 minutes ago. Now you receive a notification from our app. The notification says Can you take 10 seconds to complete this questionnaire?"" What will you do?""",20,30,2,walking,friend-house,45,Accept,,
3TRB893CSJT7JYRBVHWJO3OACOPG7I,3VFQQ8MLFEIXZLA06PBE4V6V7CE4BM,Answer a survey about responding to the mobile phone notifications,You will answer a survey about responding to the notifications of your mobile phone in hypothetical situations.,"survey, mobile phone usage",$0.01 ,Fri Mar 02 22:21:19 PST 2018,1,BatchId:3137574;OriginalHitTemplateId:926051491;,60,86400,Fri Mar 09 22:21:19 PST 2018,,,3TXMY6UCAF76VNEFFWE7MMGB252CQ6,9C599A9299A9F8,Submitted,Fri Mar 02 22:27:49 PST 2018,Fri Mar 02 22:28:00 PST 2018,Sat Mar 03 22:28:00 PST 2018,,,,11,0% (0/0),0% (0/0),0% (0/0),"It is 11:45 AM on Friday. You are walking around a market You responded to (or clicked on) a notification 5 minutes ago. Now you receive a notification from our app. The notification says Can you take 10 seconds to complete this questionnaire?"" What will you do?""",11,45,5,walking,market,5,Dismiss,,
3TTPFEFXCT32FU8HWD993P0FWDI6H8,3VFQQ8MLFEIXZLA06PBE4V6V7CE4BM,Answer a survey about responding to the mobile phone notifications,You will answer a survey about responding to the notifications of your mobile phone in hypothetical situations.,"survey, mobile phone usage",$0.01 ,Fri Mar 02 22:21:19 PST 2018,1,BatchId:3137574;OriginalHitTemplateId:926051491;,60,86400,Fri Mar 09 22:21:19 PST 2018,,,3U088ZLJVLCRLSFLFPKTJAWWHHM0W5,72AE87E2E87E9B,Submitted,Fri Mar 02 22:23:27 PST 2018,Fri Mar 02 22:23:57 PST 2018,Sat Mar 03 22:23:57 PST 2018,,,,30,0% (0/0),0% (0/0),0% (0/0),"It is 8:15 AM on Sunday. You are not moving (you could be sleeping or sitting some place). You are at a market. You responded to (or clicked on) a notification 45 minutes ago. Now you receive a notification from our app. The notification says Can you take 10 seconds to complete this questionnaire?"" What will you do?""",8,15,0,walking,market,45,Accept,,
3TZ0XG8CBU3W429MRGIFAMYIJV0987,3VFQQ8MLFEIXZLA06PBE4V6V7CE4BM,Answer a survey about responding to the mobile phone notifications,You will answer a survey about responding to the notifications of your mobile phone in hypothetical situations.,"survey, mobile phone usage",$0.01 ,Fri Mar 02 22:21:19 PST 2018,1,BatchId:3137574;OriginalHitTemplateId:926051491;,60,86400,Fri Mar 09 22:21:19 PST 2018,,,3U4J9857OFUDF0HU5X96BBTYFUA7BW,9C599A9299A9F8,Submitted,Fri Mar 02 22:25:32 PST 2018,Fri Mar 02 22:25:51 PST 2018,Sat Mar 03 22:25:51 PST 2018,,,,19,0% (0/0),0% (0/0),0% (0/0),"It is 2:15 PM on Monday. You are running at a park. You responded to (or clicked on) a notification 50 minutes ago. Now you receive a notification from our app. The notification says Can you take 10 seconds to complete this questionnaire?"" What will you do?""",14,15,1,running,park,50,Dismiss,,
3UXQ63NLAA5A7282JP5F6XFERV2BL5,3VFQQ8MLFEIXZLA06PBE4V6V7CE4BM,Answer a survey about responding to the mobile phone notifications,You will answer a survey about responding to the notifications of your mobile phone in hypothetical situations.,"survey, mobile phone usage",$0.01 ,Fri Mar 02 22:21:19 PST 2018,1,BatchId:3137574;OriginalHitTemplateId:926051491;,60,86400,Fri Mar 09 22:21:19 PST 2018,,,3URFVVM1661BV9W6OJIK7LELE8TZUW,72AE87E2E87E9B,Submitted,Fri Mar 02 22:26:24 PST 2018,Fri Mar 02 22:26:42 PST 2018,Sat Mar 03 22:26:42 PST 2018,,,,18,0% (0/0),0% (0/0),0% (0/0),"It is 1:45 PM on Monday. You are not moving (you could be sleeping or sitting some place). You are at a market. You responded to (or clicked on) a notification 1 hour and 30 minutes ago. Now you receive a notification from our app. The notification says Can you take 10 seconds to complete this questionnaire?"" What will you do?""",13,45,1,walking,market,90,Later,,
3VDI8GSXAFCBJCWU5MOP23K5N8VG85,3VFQQ8MLFEIXZLA06PBE4V6V7CE4BM,Answer a survey about responding to the mobile phone notifications,You will answer a survey about responding to the notifications of your mobile phone in hypothetical situations.,"survey, mobile phone usage",$0.01 ,Fri Mar 02 22:21:19 PST 2018,1,BatchId:3137574;OriginalHitTemplateId:926051491;,60,86400,Fri Mar 09 22:21:19 PST 2018,,,3UXUOQ9OKFG8WQC2ZJ9AG09SXCP7A1,72AE87E2E87E9B,Submitted,Fri Mar 02 22:25:41 PST 2018,Fri Mar 02 22:25:57 PST 2018,Sat Mar 03 22:25:57 PST 2018,,,,16,0% (0/0),0% (0/0),0% (0/0),"It is 2:30 PM on Wednesday. You are walking around your home You responded to (or clicked on) a notification 20 minutes ago. Now you receive a notification from our app. The notification says Can you take 10 seconds to complete this questionnaire?"" What will you do?""",14,30,3,walking,home,20,Accept,,
3VGZ74AYTGZDVFM7MY4U4PGODZGGCB,3VFQQ8MLFEIXZLA06PBE4V6V7CE4BM,Answer a survey about responding to the mobile phone notifications,You will answer a survey about responding to the notifications of your mobile phone in hypothetical situations.,"survey, mobile phone usage",$0.01 ,Fri Mar 02 22:21:19 PST 2018,1,BatchId:3137574;OriginalHitTemplateId:926051491;,60,86400,Fri Mar 09 22:21:19 PST 2018,,,3VE8AYVF8NG7SVYTK4N881GE5C88F2,B656AEA26AEA68,Submitted,Fri Mar 02 22:24:52 PST 2018,Fri Mar 02 22:25:05 PST 2018,Sat Mar 03 22:25:05 PST 2018,,,,13,0% (0/0),0% (0/0),0% (0/0),"It is 1:15 PM on Sunday. You are taking a bus to some place. You responded to (or clicked on) a notification 5 minutes ago. Now you receive a notification from our app. The notification says Can you take 10 seconds to complete this questionnaire?"" What will you do?""",13,15,0,bus,others,5,Accept,,
3VO4XFFP155YWNLPYD1VIHSCIBYQ7N,3VFQQ8MLFEIXZLA06PBE4V6V7CE4BM,Answer a survey about responding to the mobile phone notifications,You will answer a survey about responding to the notifications of your mobile phone in hypothetical situations.,"survey, mobile phone usage",$0.01 ,Fri Mar 02 22:21:19 PST 2018,1,BatchId:3137574;OriginalHitTemplateId:926051491;,60,86400,Fri Mar 09 22:21:19 PST 2018,,,3VP0C6EFSHFQUR7MDCUNJD4WWIUM61,5921CC421CC465,Submitted,Fri Mar 02 22:28:10 PST 2018,Fri Mar 02 22:28:19 PST 2018,Sat Mar 03 22:28:19 PST 2018,,,,9,0% (0/0),0% (0/0),0% (0/0),"It is 5 PM on Saturday. You're sitting (or standing) at a shopping mall. You responded to (or clicked on) a notification 5 minutes ago. Now you receive a notification from our app. The notification says Can you take 10 seconds to complete this questionnaire?"" What will you do?""",17,0,6,stationary,mall,5,Accept,,
3W9XHF7WGKEZJIK1YBKZRR8L82XKT1,3VFQQ8MLFEIXZLA06PBE4V6V7CE4BM,Answer a survey about responding to the mobile phone notifications,You will answer a survey about responding to the notifications of your mobile phone in hypothetical situations.,"survey, mobile phone usage",$0.01 ,Fri Mar 02 22:21:19 PST 2018,1,BatchId:3137574;OriginalHitTemplateId:926051491;,60,86400,Fri Mar 09 22:21:19 PST 2018,,,3W2LOLRXLCYOQM53KOK5FV3O30DRKZ,B656AEA26AEA68,Submitted,Fri Mar 02 22:28:34 PST 2018,Fri Mar 02 22:29:00 PST 2018,Sat Mar 03 22:29:00 PST 2018,,,,26,0% (0/0),0% (0/0),0% (0/0),"It is 2 PM on Sunday. You are not moving (you could be sleeping or sitting some place). You are at home. You responded to (or clicked on) a notification 2 hours ago. Now you receive a notification from our app. The notification says Can you take 10 seconds to complete this questionnaire?"" What will you do?""",14,0,0,walking,home,120,Accept,,
3WA2XVDZEM0QVKHF6C13IM324XQE60,3VFQQ8MLFEIXZLA06PBE4V6V7CE4BM,Answer a survey about responding to the mobile phone notifications,You will answer a survey about responding to the notifications of your mobile phone in hypothetical situations.,"survey, mobile phone usage",$0.01 ,Fri Mar 02 22:21:19 PST 2018,1,BatchId:3137574;OriginalHitTemplateId:926051491;,60,86400,Fri Mar 09 22:21:19 PST 2018,,,3WJEQKOXA9LUL4X0A3S1FQIFUQPA17,B656AEA26AEA68,Submitted,Fri Mar 02 22:27:13 PST 2018,Fri Mar 02 22:27:46 PST 2018,Sat Mar 03 22:27:46 PST 2018,,,,33,0% (0/0),0% (0/0),0% (0/0),"It is 12:30 PM on Wednesday. You are walking around your work You responded to (or clicked on) a notification 30 minutes ago. Now you receive a notification from our app. The notification says Can you take 10 seconds to complete this questionnaire?"" What will you do?""",12,30,3,walking,work,30,Later,,
3WRKFXQBOBQ4U9T78EMMMSLNV0QIYD,3VFQQ8MLFEIXZLA06PBE4V6V7CE4BM,Answer a survey about responding to the mobile phone notifications,You will answer a survey about responding to the notifications of your mobile phone in hypothetical situations.,"survey, mobile phone usage",$0.01 ,Fri Mar 02 22:21:19 PST 2018,1,BatchId:3137574;OriginalHitTemplateId:926051491;,60,86400,Fri Mar 09 22:21:19 PST 2018,,,3XC1O3LBOT5CQ70D9D11UAHLGLETLG,B656AEA26AEA68,Submitted,Fri Mar 02 22:24:36 PST 2018,Fri Mar 02 22:24:51 PST 2018,Sat Mar 03 22:24:51 PST 2018,,,,15,0% (0/0),0% (0/0),0% (0/0),"It is 8 AM on Monday. You are not moving (you could be sleeping or sitting some place). You are at a movie theater. You responded to (or clicked on) a notification 5 minutes ago. Now you receive a notification from our app. The notification says Can you take 10 seconds to complete this questionnaire?"" What will you do?""",8,0,1,walking,movie-theater,5,Later,,
3X7837UUADHY6037KDCUF2GU95M6JD,3VFQQ8MLFEIXZLA06PBE4V6V7CE4BM,Answer a survey about responding to the mobile phone notifications,You will answer a survey about responding to the notifications of your mobile phone in hypothetical situations.,"survey, mobile phone usage",$0.01 ,Fri Mar 02 22:21:19 PST 2018,1,BatchId:3137574;OriginalHitTemplateId:926051491;,60,86400,Fri Mar 09 22:21:19 PST 2018,,,3XIQGXAUMDRKS3KVAT1O08KQYXXX7U,B656AEA26AEA68,Submitted,Fri Mar 02 22:28:40 PST 2018,Fri Mar 02 22:29:30 PST 2018,Sat Mar 03 22:29:30 PST 2018,,,,50,0% (0/0),0% (0/0),0% (0/0),"It is 2 PM on Friday. You're sitting (or standing) at market. You responded to (or clicked on) a notification 45 minutes ago. Now you receive a notification from our app. The notification says Can you take 10 seconds to complete this questionnaire?"" What will you do?""",14,0,5,stationary,market,45,Accept,,
3XABXM4AJ1O2W1Q88IT1WHO7TV4Q8A,3VFQQ8MLFEIXZLA06PBE4V6V7CE4BM,Answer a survey about responding to the mobile phone notifications,You will answer a survey about responding to the notifications of your mobile phone in hypothetical situations.,"survey, mobile phone usage",$0.01 ,Fri Mar 02 22:21:19 PST 2018,1,BatchId:3137574;OriginalHitTemplateId:926051491;,60,86400,Fri Mar 09 22:21:19 PST 2018,,,3XLBSAQ9Z5V9XYKABBP9XT016XW7Z2,72AE87E2E87E9B,Submitted,Fri Mar 02 22:26:14 PST 2018,Fri Mar 02 22:26:23 PST 2018,Sat Mar 03 22:26:23 PST 2018,,,,9,0% (0/0),0% (0/0),0% (0/0),"It is 10:15 AM on Sunday. You're sitting (or standing) at a shopping mall. You responded to (or clicked on) a notification 2 hours ago. Now you receive a notification from our app. The notification says Can you take 10 seconds to complete this questionnaire?"" What will you do?""",10,15,0,stationary,mall,120,Accept,,
3XDSWAMB22B484GLPU96Y3KQJMPQCG,3VFQQ8MLFEIXZLA06PBE4V6V7CE4BM,Answer a survey about responding to the mobile phone notifications,You will answer a survey about responding to the notifications of your mobile phone in hypothetical situations.,"survey, mobile phone usage",$0.01 ,Fri Mar 02 22:21:19 PST 2018,1,BatchId:3137574;OriginalHitTemplateId:926051491;,60,86400,Fri Mar 09 22:21:19 PST 2018,,,3ZOTGHDK5JUJHSQVX5C3CMPT976OS4,6.36666E+13,Submitted,Fri Mar 02 22:25:28 PST 2018,Fri Mar 02 22:26:05 PST 2018,Sat Mar 03 22:26:05 PST 2018,,,,37,0% (0/0),0% (0/0),0% (0/0),"It is 2:15 PM on Thursday. You are not moving (you could be sleeping or sitting some place). You are at a movie theater. You responded to (or clicked on) a notification 25 minutes ago. Now you receive a notification from our app. The notification says Can you take 10 seconds to complete this questionnaire?"" What will you do?""",14,15,4,walking,movie-theater,25,Later,,
3XT3KXP24ZH2BPJ12VRU311UWQX6I1,3VFQQ8MLFEIXZLA06PBE4V6V7CE4BM,Answer a survey about responding to the mobile phone notifications,You will answer a survey about responding to the notifications of your mobile phone in hypothetical situations.,"survey, mobile phone usage",$0.01 ,Fri Mar 02 22:21:19 PST 2018,1,BatchId:3137574;OriginalHitTemplateId:926051491;,60,86400,Fri Mar 09 22:21:19 PST 2018,,,3ZPPDN2SLWFF0MH7UL9GQFQPDHB9EA,1D71CFB21CFB3A,Submitted,Fri Mar 02 22:24:53 PST 2018,Fri Mar 02 22:24:57 PST 2018,Sat Mar 03 22:24:57 PST 2018,,,,4,0% (0/0),0% (0/0),0% (0/0),"It is 9:30 AM on Tuesday. You are walking to some place. You responded to (or clicked on) a notification 45 minutes ago. Now you receive a notification from our app. The notification says Can you take 10 seconds to complete this questionnaire?"" What will you do?""",9,30,2,walking,others,45,Dismiss,,
3Z56AA6EK4JO789SNAPMVU8BDZH6MH,3VFQQ8MLFEIXZLA06PBE4V6V7CE4BM,Answer a survey about responding to the mobile phone notifications,You will answer a survey about responding to the notifications of your mobile phone in hypothetical situations.,"survey, mobile phone usage",$0.01 ,Fri Mar 02 22:21:19 PST 2018,1,BatchId:3137574;OriginalHitTemplateId:926051491;,60,86400,Fri Mar 09 22:21:19 PST 2018,,,3ZWFC4W1UVQDA0DPJDT8ZIBJV4WRFX,B656AEA26AEA68,Submitted,Fri Mar 02 22:29:39 PST 2018,Fri Mar 02 22:29:54 PST 2018,Sat Mar 03 22:29:54 PST 2018,,,,15,0% (0/0),0% (0/0),0% (0/0),"It is 8:45 PM on Wednesday. You are walking around your work You responded to (or clicked on) a notification 10 minutes ago. Now you receive a notification from our app. The notification says Can you take 10 seconds to complete this questionnaire?"" What will you do?""",20,45,3,walking,work,10,Later,,